:020000040800F2
:1000000020B30024E102000811DD000881D40008BB
:1000100009DD000899060008E167010800000000FA
:10002000000000000000000000000000C1ED00081A
:10003000091F00080000000051E6000869F40008EC
:10004000FB020008FB020008FB020008FB0200089C
:10005000FB020008FB020008FB020008FB0200088C
:10006000FB020008FB020008FB020008A9110008BF
:10007000B9110008C9110008D9110008E9110008D8
:10008000F911000809120008FB02000859200008B5
:10009000F1200008FB020008FB020008FB02000838
:1000A000FB020008FB020008FB020008FB0200083C
:1000B000B9F60008FB020008FB020008FB0200087A
:1000C000FB020008FB020008FB020008FB0200081C
:1000D000D1EB0008FB02000899100108FB020008A0
:1000E000FB020008FB02000800000000FB02000801
:1000F000FB020008FB020008FB020008FB020008EC
:10010000FB020008FB020008FB020008FB020008DB
:10011000FB02000889FF0008FB020008FB02000840
:10012000FB020008FB020008FB020008FB020008BB
:10013000FB020008FB020008FB020008FB020008AB
:1001400000000000000000000000000000000000AF
:10015000FB020008FB020008FB020008FB0200088B
:10016000FB020008FB020008FB020008FB0200087B
:10017000FB02000889DD0008FB0200080000000007
:10018000FB020008FB020008FB020008FB0200085B
:10019000FB020008FB020008FB020008FB0200084B
:1001A000FB020008FB020008FB0200080000000040
:1001B000FB020008FB020008FB020008FB0200082B
:1001C000FB020008FB020008000000000000000025
:1001D0000000000000000000FB020008000000001A
:1001E000000000000000000000000000000000000F
:1001F0000000000000000000FB020008FB020008F5
:10020000FB020008FB02000800000000FB020008DF
:10021000FB020008FB020008FB020008FB020008CA
:10022000FB02000800000000FB02000800000000C4
:10023000FB020008FB02000800000000FB020008AF
:10024000FB020008FB020008FB020008FB0200089A
:10025000FB020008FB020008FB020008FB0200088A
:10026000FB020008FB020008FB020008FB0200087A
:10027000FB020008FB020008FB020008000000006F
:10028000FB020008FB020008FB020008FB0200085A
:1002900000000000FB020008FB0200080000000054
:1002A00000000000FB020008FB020008FB0200083F
:1002B00089100108FB020008FB02000889210008E0
:1002C000FB020008FB020008FB020008DFF80CD06C
:1002D00000F08CF800480047A96C010820B3002406
:1002E0000648804706480047FEE7FEE7FEE7FEE7D0
:1002F000FEE7FEE7FEE7FEE7FEE7FEE779F500082A
:10030000CD0200082DE9F05F0546002092469B468D
:1003100088460646814640241BE02846414647461B
:10032000224600F053F853465A46C01A914110D362
:1003300011461846224600F03AF82D1A67EB0108DC
:100340004F4622460120002100F031F817EB00094A
:100350004E41201EA4F10104DFDC484631462A4606
:100360004346BDE8F09F40EA01039B0703D009E044
:1003700008C9121F08C0042AFAD203E011F8013B91
:1003800000F8013B521EF9D27047D2B201E000F8EA
:10039000012B491EFBD270470022F6E710B5134629
:1003A0000A4604461946FFF7F0FF204610BD202AF2
:1003B00004DB203A00FA02F1002070479140C2F1BC
:1003C000200320FA03F3194390407047202A04DBEE
:1003D000203A21FA02F00021704721FA02F3D040BE
:1003E000C2F120029140084319467047064C074D60
:1003F00006E0E06840F0010394E8070098471034F5
:10040000AC42F6D3FFF766FFB8840108D884010830
:1004100030B58C1810F8012B12F00F0301D110F831
:10042000013B120906D110F8012B03E010F8015B23
:1004300001F8015B5B1EF9D101E001F8013B521E9E
:10044000FBD1A142E6D3002030BD00000000000037
:1004500080B540F60000C5F602000122114606F004
:100460006BFD80BD0000000080B540F60000C5F6C1
:1004700002000121002206F05FFD80BD00000000A7
:1004800080B540F60000C5F602000821012206F002
:1004900053FD80BD0000000080B540F60000C5F6A9
:1004A00002000821002206F047FD80BD0000000088
:1004B00080B584B003908DF80B10039840F670312E
:1004C000C2F20041086042F20011C2F20041019103
:1004D0000020087016F02CFA0199024608781043A3
:1004E000087016F005FB0199024608781043087061
:1004F0009DF80B0038B1FFE740F63030C2F2004003
:1005000000F06EF931E040F63031C2F20041009166
:1005100041F20300C3F6B83048624CF60860C3F6F7
:100520008D2088624AF28B00C3F60B00C86240F24D
:100530001060C3F65D60086341F60400CBF6D2603C
:1005400048630020886348F27A40C4F21D10C863F3
:1005500091ED0F1A9FED080A80EE010A81ED080A5D
:100560000020C4F220208861FFE742F20010C2F2AE
:100570000040007804B080BDC3F51C4100000000BD
:1005800080B584B08DF80F0002918DF807209DF89A
:100590000F0040F0800000F02BF8FFE79DF8070007
:1005A00070B1FFE7552000F023F802990870029817
:1005B000013002909DF8070001388DF80700EDE743
:1005C00004B080BD0000000080B582B08DF8070047
:1005D00000919DF8070040F0800000F009F85520D8
:1005E00000F006F80099087002B080BD000000001D
:1005F00080B582B08DF8070040F67030C2F200403E
:1006000000686A464FF47A7111600DF107010DF12F
:10061000060201230BF0ACF89DF8060002B080BD85
:1006200080B582B08DF807008DF806109DF80700A0
:10063000FFF7DEFF9DF80600FFF7DAFF02B080BD8E
:1006400080B540F20001C2F2004101F1120243F212
:100650002C10C2F20040122310F026FD40F22401BB
:10066000C2F2004101F1100243F29800C2F20040D0
:10067000102310F019FD40F24401C2F2004101F1D3
:100680001F0243F20400C2F200401F2310F00CFDD1
:1006900080BD000000000000FFE7FEE70000000052
:1006A00084B08DF80F000291ADF806209DF80F0080
:1006B0000146009123281DD80099DFE801F01213AC
:1006C0001415161B1B1B1B1B1B1B1B1B1B1B1B1B8C
:1006D0001B1B1B1B1B1B1B1B1B1B1B1B1B1B171871
:1006E000191A08E007E006E005E004E003E002E094
:1006F00001E000E0FFE7002004B0704700000000C8
:10070000002070470000000080B582B042F2D41093
:10071000C2F20040009041F6F801C2F2004100220E
:10072000019211F02DFA009841F2F801C2F2004155
:1007300011F006FA019802B080BD00000000000030
:1007400080B582B0019000910098008814F008FAFA
:10075000002002B080BD000083B0029001918DF8AE
:10076000032000208DF802009DF9020003B07047BD
:1007700080B586B00490ADF80E1000208DF80D0005
:1007800042F2D410C2F20040D0F8BC0202900298AB
:10079000D0F8140220B1FFE701208DF8170013E014
:1007A0000499BDF80E2042F2D410C2F2004001902C
:1007B00011F0E6F9019811F0EFFA8DF80D009DF8AF
:1007C0000D008DF81700FFE79DF8170006B080BDFB
:1007D00080B582B00190FFE716F046FAFCE7000012
:1007E00080B592B01190002010900F9001F0A0FA07
:1007F00040F69830C2F2004080ED000AFFE701F0B9
:1008000097FA40F69830C2F2004090ED001A30EEB0
:10081000410AB2EE041AB4EE410AF1EE10FA1EDDFE
:10082000FFE7119941F20300C3F6B830486211990D
:100830004CF60860C3F68D20886211994AF28B004D
:10084000C3F60B00C862119948F27A40C4F21D1039
:10085000C86311990020C4F220208861ECE29FED6A
:10086000E70A01F039FA11990020C863119948622A
:10087000119988621199C862ADF81200FFE7BDF8BE
:10088000120040F69401C2F200410988884280F2C9
:10089000DF81FFE7FFF7E8FD9220FFF7A9FE1220B6
:1008A0000FA902910622FFF76BFEFFF7D1FD9DF81D
:1008B0003C009DF83D1040EA0120ADF83A00BDF93A
:1008C0003A0000EE100AB8EEC00A40F68800C2F204
:1008D000004090ED001A20EE010A119981ED000A06
:1008E0009DF83E109DF83F2041EA0221ADF83A10F4
:1008F000BDF93A1000EE101AB8EEC00A90ED001AD9
:1009000020EE010A119981ED010A9DF840109DF831
:10091000412041EA0221ADF83A10BDF93A1000EE4B
:10092000101AB8EEC00A90ED001A20EE010A1198D4
:1009300080ED020A119890ED002A90ED010A90EDE9
:10094000021A20EE000A02EE020A01EE010A17F076
:10095000DFFB8DED070A9DED071A119890ED0F0A48
:1009600030EE010A80ED0F0AFFF796FD0299002094
:100970000822FFF705FEFFF783FD9DF83C000F28D6
:100980005FD1FFE79DF83E009DF83F1040EA01204F
:10099000ADF83A00BDF93A0000EE100AB8EEC00A10
:1009A00040F68C00C2F2004090ED001A20EE010AE1
:1009B000119981ED030A119991ED031A91ED090A3C
:1009C00030EE010A81ED090A9DF840109DF84120A2
:1009D00041EA0221ADF83A10BDF93A1000EE101AC2
:1009E000B8EEC00A90ED001A20EE010A119981EDCF
:1009F000040A119991ED041A91ED0A0A30EE010AE8
:100A000081ED0A0A9DF842109DF8432041EA022137
:100A1000ADF83A10BDF93A1000EE101AB8EEC00A5F
:100A200090ED001A20EE010A119880ED050A119848
:100A300090ED051A90ED0B0A30EE010A80ED0B0ADD
:100A4000FFE7BDF8120038BBFFE70798069007984C
:100A5000059000208DF81100FFE79DF81100022895
:100A600019DCFFE711989DF8112000EB8200C068A7
:100A70000BA941F8220011989DF8112000EB82008B
:100A8000C06808A941F82200FFE79DF81100013075
:100A90008DF81100E1E762E09DED070A9DED061A71
:100AA000B4EE410AF1EE10FA03DDFFE70798069075
:100AB000FFE79DED070A9DED051AB4EE410AF1EE40
:100AC00010FA03DAFFE707980590FFE700208DF89A
:100AD0001000FFE79DF8100002283FDCFFE71198A7
:100AE0009DF8101000EB810090ED030A0BA800EBBD
:100AF000810090ED001AB4EE410AF1EE10FA0ADD21
:100B0000FFE711989DF8102000EB8200C0680BA948
:100B100041F82200FFE711989DF8101000EB8100CA
:100B200090ED030A08A800EB810090ED001AB4EEE6
:100B3000410AF1EE10FA0ADAFFE711989DF8102049
:100B400000EB8200C06808A941F82200FFE7FFE738
:100B50009DF8100001308DF81000BBE7FFE79DED18
:100B6000060A9DED051A30EE410A42F20410C2F267
:100B7000004080ED000A00208DF80F00FFE79DF88F
:100B80000F0002281DDCFFE79DF80F100BA800EBFB
:100B9000810090ED000A08A800EB810090ED001A9A
:100BA00030EE410A42F2C810C2F2004000EB810070
:100BB00080ED000AFFE79DF80F0001308DF80F006F
:100BC000DDE742F20410C2F2004090ED000AB6EEFA
:100BD000001AB4EE410AF1EE10FA2DDCFFE742F202
:100BE000C810C2F2004090ED000A9FEDE61AB4EE84
:100BF000410AF1EE10FA1FDC02E000BF0AD7A33B66
:100C000042F2C810C2F2004090ED010A9FEDDD1AD9
:100C1000B4EE410AF1EE10FA0EDCFFE742F2C81022
:100C2000C2F2004090ED020A9FEDD61AB4EE410ADE
:100C3000F1EE10FA01DDFFE70AE09FEDD30A01F0C3
:100C40004BF8FFE7BDF812000130ADF8120016E6D0
:100C500040F69400C2F20040008800EE100AB8EEA0
:100C6000401A119890ED0F0A80EE010A80ED0F0AEC
:100C700000208DF80E00FFE79DF80E0002281BDC17
:100C8000FFE740F69400C2F20040008800EE100A30
:100C9000B8EE401A11989DF80E1000EB810090ED0F
:100CA000090A80EE010A80ED090AFFE79DF80E00AF
:100CB00001308DF80E00DFE7FFF7D6FBA220FFF72B
:100CC00097FC22200FA90222FFF75AFCFFF7C0FB76
:100CD0009DF83C009DF83D10C00040EA5110ADF871
:100CE0003A00BDF93A00B0F5806F07DBFFE7BDF8C9
:100CF0003A00A0F50060ADF83A00FFE7BDF93A0010
:100D000000EE100AB8EEC01AB4EE002AB3EE070ADD
:100D100001EE020A119880ED060A42F2F801C2F2D1
:100D20000041088801300880FFE742F20410C2F257
:100D3000004090ED000A0120B6EE001AB4EE410A20
:100D4000F1EE10FA019071DCFFE7119890ED0F0AB7
:100D50009FED8E1A30EE010AB0EEC00A0120B6EE09
:100D6000001AB4EE410AF1EE10FA01905EDCFFE7E2
:100D700042F2C810C2F2004090ED000A01209FED3F
:100D8000811AB4EE410AF1EE10FA01904EDCFFE751
:100D900042F2C810C2F2004090ED010A01209FED1E
:100DA000791AB4EE410AF1EE10FA01903EDCFFE749
:100DB00042F2C810C2F2004090ED020A01209FEDFD
:100DC000711AB4EE410AF1EE10FA01902EDCFFE741
:100DD000119890ED090AB0EEC00A01209FED6C1A3F
:100DE000B4EE410AF1EE10FA01901FDCFFE7119812
:100DF00090ED0A0AB0EEC00A01209FED651AB4EE2C
:100E0000410AF1EE10FA019010DCFFE7119890ED25
:100E10000B0AB0EEC00A9FED5E1A0020B4EE410A44
:100E2000F1EE10FAC8BF01200190FFE70198C0075A
:100E300000287FF4E4ACFFE7119890ED0F1A9FEDC6
:100E4000550A80EE010A80ED080A0020ADF80C007A
:100E5000FFE7BDF80C0040F69601C2F20041098898
:100E6000884280F28C80FFE7FFF7FEFA9220FFF7BE
:100E7000BFFB12200FA90622FFF782FBFFF7E8FA5B
:100E80009DF83C009DF83D1040EA0120ADF83A0085
:100E9000BDF93A0000EE100AB8EEC00A40F688002C
:100EA000C2F2004090ED001A20EE010A119991ED76
:100EB000081A20EE010A81ED000A119991ED000A4D
:100EC00091ED0C1A9FED343A20EE030A9FED332A80
:100ED00001EE020A81ED0C0A9DF83E109DF83F20BC
:100EE00041EA0221ADF83A10BDF93A1000EE101AAD
:100EF000B8EEC00A90ED001A20EE010A119991EDAA
:100F0000081A20EE010A81ED010A119991ED010AFA
:100F100091ED0D1A20EE030A01EE020A81ED0D0A91
:100F20009DF840109DF8412041EA0221ADF83A10A9
:100F3000BDF93A1000EE101AB8EEC00A90ED001A92
:100F400020EE010A119890ED081A20EE010A80EDBA
:100F5000020A119890ED020A90ED0E1A20EE030A93
:100F600001EE020A80ED0E0A9FED070A00F0B4FEC2
:100F7000FFE7BDF80C000130ADF80C0069E712B0D6
:100F800080BD00BF9A99193E6F12033ACDCC1CC1A7
:100F90000AD7233CC3F51C41CDCC4C3ECDCC4C3FB5
:100FA00080B582B0019000208DF80300FFE79DF826
:100FB0000300012811DCFFE7019A9DF80300682176
:100FC00010FB012001210A220EF072F8FFE79DF8C4
:100FD000030001308DF80300E9E74FF4FA7015F0D3
:100FE000CBFE0199012081F8F80002B080BD00001D
:100FF00080B582B00190019890F8D0000146009130
:1010000020B1FFE70098012804D007E0019800F024
:1010100033F807E0019800F01FF803E0019800F0B2
:10102000B3F8FFE702B080BD80B582B001900198AF
:1010300090F8F80008B9FFE709E0019890ED350A4B
:10104000D0ED360A90ED371A00F062FFFFE702B0EC
:1010500080BD00000000000080B582B001900198C2
:1010600090ED3B0AD0ED3C0A90ED3D1A00F008F8F7
:1010700002B080BD0000000081B0009001B0704758
:1010800084B003908DED020ACDED010A8DED001ABA
:10109000FFE79DED020A9FED3A1AB4EE410AF1EE28
:1010A00010FA06DCFFE74CF6CD40CBF64C70029010
:1010B00010E09DED020A9FED331AB4EE410AF1EE05
:1010C00010FA06DBFFE74CF6CD40C3F64C700290F9
:1010D000FFE7FFE7FFE7FFE79DED010A9FED281A15
:1010E000B4EE410AF1EE10FA06DCFFE74CF6CD4013
:1010F000CBF64C70019010E09DED010A9FED211A96
:10110000B4EE410AF1EE10FA06DBFFE74CF6CD40F3
:10111000C3F64C700190FFE7FFE7FFE7FFE79DEDA7
:10112000000A9FED171AB4EE410AF1EE10FA06DC40
:10113000FFE74CF6CD40CBF64C70009010E09DEDF3
:10114000000A9FED101AB4EE410AF1EE10FA06DB28
:10115000FFE74CF6CD40C3F64C700090FFE7FFE789
:10116000FFE702980399C1F8D40001980399C1F8E8
:10117000D80000980399C1F8DC0004B0704700BFA4
:10118000CDCC4CBFCDCC4C3F80B582B00190019806
:101190009FED041AB0EE410AF0EE410AFFF770FF2E
:1011A00002B080BD0000000080B542F2B040C2F243
:1011B000004002F0CDF980BD80B542F22850C2F265
:1011C000004002F0C5F980BD80B542F2A050C2F2E5
:1011D000004002F0BDF980BD80B542F20870C2F255
:1011E000004002F0B5F980BD80B542F28070C2F2D5
:1011F000004002F0ADF980BD80B542F21860C2F245
:10120000004002F0A5F980BD80B542F29060C2F2C4
:10121000004002F09DF980BD83B002900298016801
:1012200001201022C4F202029142009000F0A3803B
:10123000FFE70298016801202822C4F202029142CD
:10124000009000F09880FFE702980168012040229A
:10125000C4F202029142009000F08D80FFE70298F4
:10126000016801205822C4F202029142009000F06D
:101270008280FFE70298016801207022C4F2020216
:101280009142009077D0FFE7029801680120882200
:10129000C4F20202914200906DD0FFE7029801680B
:1012A0000120A022C4F202029142009063D0FFE725
:1012B000029801680120B822C4F202029142009013
:1012C00059D0FFE702980168012040F21042C4F2B1
:1012D0000202914200904ED0FFE70298016801207F
:1012E00040F22842C4F202029142009043D0FFE74C
:1012F00002980168012040F24042C4F20202914289
:10130000009038D0FFE702980168012040F258426F
:10131000C4F20202914200902DD0FFE702980168CA
:10132000012040F27042C4F202029142009022D0A9
:10133000FFE702980168012040F28842C4F20202ED
:101340009142009017D0FFE702980168012040F217
:10135000A042C4F20202914200900CD0FFE7029832
:1013600000684FF64831CBF6FD710844B0FA80F0C2
:1013700040090090FFE70098C00740B3FFE70298DC
:10138000007810384AF6AB21CAF6AA21A0FB01105A
:1013900000090190019800F0070148F21C20C0F6F6
:1013A0000100405C0299C8650198042807D3FFE753
:1013B00002990868042262F30900886506E0029930
:1013C000086840F2FF3290438865FFE705E0029924
:1013D000086820F0FF008865FFE70298806D03B081
:1013E000704700000000000084B00390039800687C
:1013F000019003980168012045F20842C5F60202F7
:10140000914200904ED0FFE703980168012045F219
:101410001C42C5F602029142009043D0FFE70398B8
:101420000168012045F23042C5F602029142009067
:1014300038D0FFE703980168012045F24442C5F621
:101440000202914200902DD0FFE70398016801202D
:1014500045F25842C5F602029142009022D0FFE7C1
:1014600003980168012045F26C42C5F602029142E0
:10147000009017D0FFE703980168012045F28042F1
:10148000C5F60202914200900CD0FFE70398006875
:101490004AF66C31CAF2FD710844B0FA80F0400996
:1014A0000090FFE70098C00710B3FFE703980078AB
:1014B00008384CF6CD41CCF6CC41A0FB0110000918
:1014C0000290029945F60000C5F6020000EB81008B
:1014D00003990866039945F68000C5F60200486640
:1014E000029800F01F01012088400399886635E0CA
:1014F0000398007810384AF6AB21CAF6AA21A0FB5F
:10150000011000090290019840F2B841C4F20201B2
:1015100088420CD8FFE7019840F21041C4F2020162
:10152000884204D3FFE7029808300290FFE702994F
:1015300040F60000C4F2020000EB81000399086647
:10154000039940F68000C4F202004866029800F059
:101550001F010120884003998866FFE704B07047A7
:1015600083B002900298007901900198002800F061
:101570008A80FFE70198082800F28580FFE702983B
:101580000168012045F20842C5F60202914200902E
:101590004ED0FFE702980168012045F21C42C5F6D3
:1015A00002029142009043D0FFE7029801680120B7
:1015B00045F23042C5F602029142009038D0FFE772
:1015C00002980168012045F24442C5F602029142A8
:1015D00000902DD0FFE702980168012045F25842A3
:1015E000C5F602029142009022D0FFE702980168FE
:1015F000012045F26C42C5F602029142009017D0DC
:10160000FFE702980168012045F28042C5F6020218
:10161000914200900CD0FFE7029800684AF66C31C6
:10162000CAF2FD710844B0FA80F040090090FFE76B
:101630000098C00780B1FFE7019945F6FC00C5F6A8
:10164000020000EB81000299C866029945F640103D
:10165000C5F6020008670FE0019940F6FC00C4F2ED
:10166000020000EB81000299C866029940F6401022
:10167000C4F202000867FFE70198411E012088407C
:1016800002994867FFE703B07047000000000000C0
:1016900085B0049000208DF80F000498806918BB75
:1016A000FFE70498806A029003281BD80299DFE8BC
:1016B00001F0020D0218049890F82F00C00720B125
:1016C000FFE701208DF80F00FFE70CE00498C06AE7
:1016D000B0F1C07F04D1FFE701208DF80F00FFE7D4
:1016E00001E000E0FFE747E004988069B0F5005FA3
:1016F00026D1FFE70498806A019003281ED801993B
:10170000DFE801F00206021101208DF80F0016E05B
:10171000049890F82F00C00720B1FFE701208DF852
:101720000F00FFE70BE00498C06AB0F1C07F04D15E
:10173000FFE701208DF80F00FFE700E0FFE71AE068
:101740000498806A0090032804D3FFE700980328D8
:1017500004D00EE001208DF80F000BE0049890F803
:101760002F00C00720B1FFE701208DF80F00FFE731
:1017700000E0FFE7FFE7FFE79DF80F0005B07047C7
:1017800089B008900791069205930898806D04909F
:101790000898806D03900898016801201022C4F217
:1017A00002029142029000F00381FFE7089801686D
:1017B00001202822C4F202029142029000F0F88037
:1017C000FFE70898016801204022C4F2020291421A
:1017D000029000F0ED80FFE7089801680120582290
:1017E000C4F202029142029000F0E280FFE7089802
:1017F000016801207022C4F202029142029000F0BE
:10180000D780FFE70898016801208822C4F202020D
:101810009142029000F0CC80FFE708980168012017
:10182000A022C4F202029142029000F0C180FFE7C0
:10183000089801680120B822C4F202029142029085
:1018400000F0B680FFE708980168012040F21042DE
:10185000C4F202029142029000F0AA80FFE70898C9
:101860000168012040F22842C4F202029142029033
:1018700000F09E80FFE708980168012040F2404296
:10188000C4F202029142029000F09280FFE70898B1
:101890000168012040F25842C4F2020291420290D3
:1018A00000F08680FFE708980168012040F270424E
:1018B000C4F20202914202907AD0FFE708980168D0
:1018C000012040F28842C4F20202914202906FD09D
:1018D000FFE708980168012040F2A042C4F202022A
:1018E0009142029064D0FFE708980168012040F21D
:1018F000B842C4F202029142029059D0FFE7089820
:101900000168012045F20842C5F6020291420290A8
:101910004ED0FFE708980168012045F21C42C5F649
:1019200002029142029043D0FFE70898016801202B
:1019300045F23042C5F602029142029038D0FFE7EC
:1019400008980168012045F24442C5F6020291421E
:1019500002902DD0FFE708980168012045F2584217
:10196000C5F602029142029022D0FFE70898016872
:10197000012045F26C42C5F602029142029017D056
:10198000FFE708980168012045F28042C5F602028F
:10199000914202900CD0FFE7089800684AF66C313B
:1019A000CAF2FD710844B0FA80F040090290FFE7E6
:1019B0000298C00770B1FFE70898416E806E4860DA
:1019C0000898C06E28B1FFE70898016F406F486023
:1019D000FFE7FFE70898016801201022C4F2020225
:1019E0009142019000F0A380FFE708980168012070
:1019F0002822C4F202029142019000F09880FFE791
:101A00000898016801204022C4F20202914201902C
:101A100000F08D80FFE70898016801205822C4F289
:101A200002029142019000F08280FFE7089801686D
:101A300001207022C4F202029142019077D0FFE7A8
:101A40000898016801208822C4F2020291420190A4
:101A50006DD0FFE7089801680120A022C4F20202BD
:101A60009142019063D0FFE7089801680120B822F5
:101A7000C4F202029142019059D0FFE70898016830
:101A8000012040F21042C4F20202914201904ED075
:101A9000FFE708980168012040F22842C4F20202E0
:101AA0009142019043D0FFE708980168012040F27D
:101AB0004042C4F202029142019038D0FFE70898F8
:101AC0000168012040F25842C4F2020291420190A2
:101AD0002DD0FFE708980168012040F27042C4F25F
:101AE00002029142019022D0FFE70898016801208C
:101AF00040F28842C4F202029142019017D0FFE7FF
:101B000008980168012040F2A042C4F2020291420A
:101B100001900CD0FFE7089800684FF64831CBF6EB
:101B2000FD710844B0FA80F040090190FFE7019888
:101B3000C00750B3FFE70898C06D00F01F013F20B9
:101B400088400499886008980168086820F480201B
:101B500008600598089909684860089880684028D6
:101B600009D1FFE7069808990968886007980899DD
:101B70000968C86008E007980899096888600698AD
:101B800008990968C860FFE782E0089801680120A9
:101B900045F20842C5F60202914200904ED0FFE79E
:101BA00008980168012045F21C42C5F602029142E4
:101BB000009043D0FFE708980168012045F23042C9
:101BC000C5F602029142009038D0FFE708980168FC
:101BD000012045F24442C5F60202914200902DD008
:101BE000FFE708980168012045F25842C5F6020255
:101BF0009142009022D0FFE708980168012045F249
:101C00006C42C5F602029142009017D0FFE7089897
:101C10000168012045F28042C5F60202914200901F
:101C20000CD0FFE7089800684AF66C31CAF2FD71E3
:101C30000844B0FA80F040090090FFE70098C00720
:101C400020B3FFE70898C06D00F01F010120884015
:101C50000399486005980899096848600898806861
:101C6000402809D1FFE70698089909688860079815
:101C700008990968C86008E00798089909688860A9
:101C8000069808990968C860FFE700E0FFE7FFE7EA
:101C900009B070470000000081B041F20400CEF2AC
:101CA000000000680090009840F69031C2F20041B8
:101CB0000968884208D2FFE740F69431C2F2004139
:101CC000086801300860FFE7009840F69031C2F2E2
:101CD0000041086001B0704783B08DED020A41F207
:101CE0000400CEF200000068019002980090FFE727
:101CF00041F20400CEF2000000680199401A00EEA3
:101D0000100AB8EE400A9DED001A40F67830C2F293
:101D1000004090ED002AB8EE422A21EE021AB4EEFD
:101D2000410AF1EE10FA01DAFFE7E1E703B070478C
:101D300080B582B000F068F840F6B840C2F20040CA
:101D400090ED000AB8EE400A818801EE101AB8EE54
:101D5000C11A9FED092A01EE020AC08801EE100A9D
:101D6000B8EEC11A9FED052A01EE020A8DED010AB7
:101D70009DED010A02B080BD6F12833ABD378635F2
:101D800081B000904EF6FC51CEF20001086840F0A0
:101D90008070086041F20401CEF20001002008606A
:101DA00041F20002CEF20002116841F0010111601F
:101DB000009944F24022C0F20F024A4340F67831C3
:101DC000C2F200410A600A6844F6D353C1F26203CA
:101DD000A2FB0332920940F67C33C2F200431A6040
:101DE00009684DF68362C4F21B32A1FB0221890C03
:101DF00040F68032C2F20042116040F69431C2F2E5
:101E00000041086001B07047B0B586B041F20400EF
:101E1000CEF2000000680590FFF73EFF40F69430D8
:101E2000C2F2004001680598002302934FF0FF3C86
:101E30001A46E1FB0C0240F68831C2F200410091E3
:101E40004A6008600868496840F67834C2F2004485
:101E50002268FEF757FA029B02468C46009940F62C
:101E6000A030C2F20040C0F804C00260D1F800C047
:101E70004968D0F800E042682468AEFB04E502FB44
:101E80000452BCEB0E0C61EB020240F6A831C2F228
:101E900000410391C1F800C04A60006840F6B842B2
:101EA000C2F20042049210600868496840F67C3231
:101EB000C2F2004201921268FEF724FADDF804C073
:101EC000029B049A014603989180016840689288B9
:101ED000DCF800C002FB0CF28A1A60F1000040F648
:101EE000B031C2F200410A6048600868496840F6B3
:101EF0008032C2F200421268FEF704FA0499C880E8
:101F000006B0B0BD000000007047000000000000F7
:101F100080B58CB00B908DED0A0ACDED090A8DEDE0
:101F2000081A4FF07A5007909DED0A0A9DED081AA5
:101F30009DED072A01EE420A8DED060A9DED0A0A83
:101F40009DED081A9DED072A01EE020A8DED050AA6
:101F50009DED060A9FED181A20EE010A8DED040A88
:101F60009DED050A20EE010A8DED030A0B989DED0B
:101F7000040A9FED121A8DED001A20EE010ABDEE43
:101F8000C00A10EE101A00220192032302930DF0F2
:101F9000B3F89DED001A019A029B0B9868309DEDF5
:101FA000030A20EE010ABDEEC00A10EE101A0DF071
:101FB000A3F80CB080BD00BFECC9184333335B41BC
:101FC00081B0EFF3108072B60090FFE7FEE70000EB
:101FD00080B58AB000200290039002210491012173
:101FE00005910690079042F2F870C2F2004002A9F3
:101FF00003F072FC18B1FFE7FFF7E2FFFFE7684666
:102000000023036042F2F870C2F20040022211463F
:1020100003F0EEFC18B1FFE7FFF7D2FFFFE742F253
:10202000F870C2F200400121002203F0CDFB18B18C
:10203000FFE7FFF7C5FFFFE742F2F870C2F200408A
:1020400004F022FD18B1FFE7FFF7BAFFFFE70AB07F
:1020500080BD00000000000080B542F2F870C2F2BE
:10206000004003F085FE80BD80B58AB0002002905C
:10207000012103910221049105910690079042F6F7
:102080009800C2F2004002A903F026FC18B1FFE755
:10209000FFF796FFFFE768460023036042F69800CB
:1020A000C2F200400222114603F0A2FC18B1FFE781
:1020B000FFF786FFFFE742F69800C2F200401021CA
:1020C000002203F081FB18B1FFE7FFF779FFFFE77C
:1020D00042F69800C2F2004004F0D6FC18B1FFE7C7
:1020E000FFF76EFFFFE70AB080BD000000000000B0
:1020F00080B542F69800C2F2004003F039FE80BD80
:1021000080B58AB000200290022103910491012140
:1021100005910690079042F63810C2F2004002A9DD
:1021200003F0DAFB18B1FFE7FFF74AFFFFE7684665
:102130000023036042F63810C2F20040022211462A
:1021400003F056FC18B1FFE7FFF73AFFFFE742F64E
:102150003810C2F200401021002203F035FB18B104
:10216000FFE7FFF72DFFFFE742F63810C2F200400D
:1021700004F08AFC18B1FFE7FFF722FFFFE70AB07F
:1021800080BD00000000000080B542F63810C2F2A9
:10219000004003F0EDFD80BD84B002900298406BDA
:1021A000009002980068D0F884004FF6FC718843D4
:1021B000009940EA810002990968C1F884000298F8
:1021C0000068D0F8840020F47F00029A1168926BB6
:1021D00040EA0240C1F884000298816B00980844EC
:1021E000009002980068D0F888006FF38F00009983
:1021F00040EA810002990968C1F8880002980068E5
:10220000D0F8880020F4FE00029A1168D26B40EAF0
:102210000240C1F888000298C16B009800EB4100B1
:10222000009002980068D0F8A0006FF38F0000992A
:1022300040EA810002990968C1F8A000029800688C
:10224000D0F8A00020F4FE00029A1168126C40EA57
:102250000240C1F8A0000299086C496C009A00FB8A
:102260000120009002980068D0F8B0006FF38F0052
:10227000009940EA810002990968C1F8B00002980B
:102280000068D0F8B00020F4FE00029A1168926C49
:1022900040EA0240C1F8B0000299886CC96C009A0B
:1022A00000FB0120009002980068D0F8AC006FF3AA
:1022B0008F00009940EA810002990968C1F8AC00DA
:1022C0000299086D496D009A00FB01200090029868
:1022D0000068D0F8F0006FF38F00009940EA8100A9
:1022E00002990968C1F8F00002980068D0F8F0007F
:1022F00020F47C10029A1168926D40EA0240C1F805
:10230000F0000298816D009800EB41000090029867
:102310000068D0F8C0006FF38F00009940EA810098
:1023200002990968C1F8C00002980068D0F8C0009E
:1023300020F47C10029A1168D26D40EA0240C1F884
:10234000C00002980068D0F8C00020F07C50029ACB
:102350001168126E40EA0260C1F8C00002994A6B2F
:102360004AF60040C4F2000000EB8200C866029901
:102370008A6BC86E00EB820008670299CA6B086F0F
:1023800000EBC200486702990A6C4B6C486F5A43D5
:1023900000EB8200886702998A6CCB6C886F5A4385
:1023A00000EB8200C86702990A6D4B6DC86F5A43F3
:1023B00000EB8200C1F8800002998A6DD1F880009C
:1023C00000EBC200C1F884000299CA6D8B6ED1F88F
:1023D00084005A4300EB8200C1F8880002990A6E1B
:1023E0008B6ED1F888005A4300EB8200C1F8900050
:1023F0000298D0F890004DF2FD31C4F200018842FD
:102400000FD3FFE70299D1F89C0040F02000C1F8FB
:102410009C000299032081F8980001208DF80F009C
:1024200017E00298C06E0190FFE701980299D1F879
:102430009010884208D2FFE7019900200860FFE76A
:10244000019804300190F0E7FFE700208DF80F00BD
:10245000FFE79DF80F0004B0704700000000000087
:1024600084B002900191ADF80220029828B9FFE7EC
:102470004FF6FF70ADF80E0021E0FFE70198411E16
:102480000191B8B1FFE70298411C029100788DF8E4
:102490000100BDF802109DF801004840C2B248F2A8
:1024A000B620C0F6010030F8120080EA1120ADF825
:1024B0000200E3E7BDF80200ADF80E00FFE7BDF84B
:1024C0000E0004B07047000080B584B04EF60000E6
:1024D000C1F6F170006803904EF60400C1F6F17089
:1024E000006802904EF60800C1F6F1700068019095
:1024F0000199039808440390039888B1FFE7039873
:1025000040F6B021C2F200410091023108220AF0E7
:10251000BBFF00990298123104220AF0B5FFFFE7D1
:1025200004B080BD0000000080B58AB0089004F0BF
:102530001BFD0490089828B9FFE701208DF82700BB
:1025400000F0AABC089890F8350002280ED0FFE7EA
:10255000089980204865FFE70899002081F8340039
:10256000FFE701208DF8270000F096BC089801686D
:1025700001201022C4F202029142039000F0A380D5
:10258000FFE70898016801202822C4F20202914264
:10259000039000F09880FFE708980168012040222E
:1025A000C4F202029142039000F08D80FFE7089888
:1025B000016801205822C4F202029142039000F007
:1025C0008280FFE70898016801207022C4F20202AD
:1025D0009142039077D0FFE7089801680120882294
:1025E000C4F20202914203906DD0FFE7089801689F
:1025F0000120A022C4F202029142039063D0FFE7BF
:10260000089801680120B822C4F2020291420390A6
:1026100059D0FFE708980168012040F21042C4F247
:102620000202914203904ED0FFE708980168012012
:1026300040F22842C4F202029142039043D0FFE7E5
:1026400008980168012040F24042C4F2020291421F
:10265000039038D0FFE708980168012040F2584203
:10266000C4F20202914203902DD0FFE7089801685E
:10267000012040F27042C4F202029142039022D043
:10268000FFE708980168012040F28842C4F2020284
:102690009142039017D0FFE708980168012040F2AB
:1026A000A042C4F20202914203900CD0FFE70898C6
:1026B00000684FF64831CBF6FD710844B0FA80F05F
:1026C00040090390FFE70398C00780B1FFE708982F
:1026D0000168086820F01E000860089801684869D1
:1026E00020F08000486108980068059009E008988B
:1026F0000168086820F00E000860089800680590DE
:10270000FFE70898016801201022C4F202029142FA
:10271000029000F00381FFE7089801680120282259
:10272000C4F202029142029000F0F880FFE708989C
:10273000016801204022C4F202029142029000F09E
:10274000ED80FFE70898016801205822C4F20202D8
:102750009142029000F0E280FFE7089801680120B2
:102760007022C4F202029142029000F0D780FFE78B
:102770000898016801208822C4F202029142029066
:1027800000F0CC80FFE7089801680120A022C4F285
:1027900002029142029000F0C180FFE708980168B0
:1027A0000120B822C4F202029142029000F0B680E9
:1027B000FFE708980168012040F21042C4F20202CB
:1027C0009142029000F0AA80FFE70898016801207A
:1027D00040F22842C4F202029142029000F09E8030
:1027E000FFE708980168012040F24042C4F202026B
:1027F0009142029000F09280FFE708980168012062
:1028000040F25842C4F202029142029000F08680E7
:10281000FFE708980168012040F27042C4F202020A
:10282000914202907AD0FFE708980168012040F2B7
:102830008842C4F20202914202906FD0FFE70898EA
:102840000168012040F2A042C4F2020291420290CB
:1028500064D0FFE708980168012040F2B842C4F252
:1028600002029142029059D0FFE7089801680120C6
:1028700045F20842C5F60202914202904ED0FFE7AF
:1028800008980168012045F21C42C5F602029142F7
:10289000029043D0FFE708980168012045F23042DA
:1028A000C5F602029142029038D0FFE7089801680D
:1028B000012045F24442C5F60202914202902DD019
:1028C000FFE708980168012045F25842C5F6020268
:1028D0009142029022D0FFE708980168012045F25A
:1028E0006C42C5F602029142029017D0FFE70898A9
:1028F0000168012045F28042C5F602029142029031
:102900000CD0FFE7089800684AF66C31CAF2FD71F6
:102910000844B0FA80F040090290FFE70298C0072F
:1029200038B1FFE70898016E086820F480700860ED
:10293000FFE7089800681021C4F20201884200F005
:102940008180FFE7089800682821C4F202018842CC
:1029500078D0FFE7089800684021C4F2020188425D
:1029600070D0FFE7089800685821C4F2020188423D
:1029700068D0FFE7089800687021C4F2020188421D
:1029800060D0FFE7089800688821C4F202018842FD
:1029900058D0FFE708980068A021C4F202018842DD
:1029A00050D0FFE708980068B821C4F202018842BD
:1029B00048D0FFE70898006840F21041C4F20201D5
:1029C00088423FD0FFE70898006840F22841C4F2EF
:1029D0000201884236D0FFE70898006840F2404183
:1029E000C4F2020188422DD0FFE70898006840F247
:1029F0005841C4F20201884224D0FFE708980068D9
:102A000040F27041C4F2020188421BD0FFE70898EF
:102A1000006840F28841C4F20201884212D0FFE708
:102A20000898006840F2A041C4F20201884209D02F
:102A3000FFE70898006840F2B841C4F202018842FA
:102A400007D1FFE708980168086820F001000860D6
:102A500006E008980168086820F001000860FFE7B8
:102A6000FFE705980068C007C8B1FFE704F07CFAEB
:102A70000499401A062811D3FFE7089920204865D9
:102A80000899032081F83500FFE70899002081F8B4
:102A90003400FFE701208DF82700FDE1E1E7089809
:102AA000016801201022C4F202029142019000F05C
:102AB000A380FFE70898016801202822C4F20202DF
:102AC0009142019000F09880FFE70898016801208A
:102AD0004022C4F202029142019000F08D80FFE793
:102AE0000898016801205822C4F202029142019024
:102AF00000F08280FFE70898016801207022C4F28C
:102B000002029142019077D0FFE708980168012006
:102B10008822C4F20202914201906DD0FFE708982A
:102B200001680120A022C4F202029142019063D008
:102B3000FFE7089801680120B822C4F2020291421E
:102B4000019059D0FFE708980168012040F2104237
:102B5000C4F20202914201904ED0FFE7089801684A
:102B6000012040F22842C4F202029142019043D077
:102B7000FFE708980168012040F24042C4F20202D7
:102B80009142019038D0FFE708980168012040F297
:102B90005842C4F20202914201902DD0FFE70898FA
:102BA0000168012040F27042C4F202029142019099
:102BB00022D0FFE708980168012040F28842C4F261
:102BC00002029142019017D0FFE7089801680120A6
:102BD00040F2A042C4F20202914201900CD0FFE701
:102BE000089800684FF64831CBF6FD710844B0FAFA
:102BF00080F040090190FFE70198C00760B1FFE74E
:102C00000898806D07900898C06D00F01F013F2064
:102C10008840079988600BE00898806D06900898B6
:102C2000C06D00F01F010120884006994860FFE751
:102C30000898016801201022C4F20202914200901B
:102C400000F00381FFE70898016801202822C4F200
:102C500002029142009000F0F880FFE708980168B6
:102C600001204022C4F202029142009000F0ED8067
:102C7000FFE70898016801205822C4F2020291423D
:102C8000009000F0E280FFE70898016801207022C0
:102C9000C4F202029142009000F0D780FFE708984A
:102CA000016801208822C4F202029142009000F0E3
:102CB000CC80FFE7089801680120A022C4F202023C
:102CC0009142009000F0C180FFE708980168012060
:102CD000B822C4F202029142009000F0B680FFE7F1
:102CE00008980168012040F21042C4F202029142A9
:102CF000009000F0AA80FFE708980168012040F2E8
:102D00002842C4F202029142009000F09E80FFE748
:102D100008980168012040F24042C4F20202914248
:102D2000009000F09280FFE708980168012040F2CF
:102D30005842C4F202029142009000F08680FFE700
:102D400008980168012040F27042C4F202029142E8
:102D500000907AD0FFE708980168012040F288428D
:102D6000C4F20202914200906FD0FFE70898016818
:102D7000012040F2A042C4F202029142009064D0CD
:102D8000FFE708980168012040F2B842C4F202024D
:102D90009142009059D0FFE708980168012045F260
:102DA0000842C5F60202914200904ED0FFE7089813
:102DB0000168012045F21C42C5F6020291420090D2
:102DC00043D0FFE708980168012045F23042C5F67C
:102DD00002029142009038D0FFE708980168012074
:102DE00045F24442C5F60202914200902DD0FFE721
:102DF00008980168012045F25842C5F60202914246
:102E0000009022D0FFE708980168012045F26C424B
:102E1000C5F602029142009017D0FFE708980168BA
:102E2000012045F28042C5F60202914200900CD08A
:102E3000FFE7089800684AF66C31CAF2FD71084451
:102E4000B0FA80F040090090FFE70098C007A0B1F9
:102E5000FFE70898416E806E48600898C06E58B1D0
:102E6000FFE70898C16E086820F480700860089831
:102E7000016F406F4860FFE7FFE70899012081F884
:102E80003500FFE70899002081F83400FFE7FFE7ED
:102E900000208DF82700FFE79DF827000AB080BDCD
:102EA00080B586B00490049820B9FFE701208DF822
:102EB000170046E3049890F83500022807D0FFE792
:102EC00004998020486501208DF8170039E30498A3
:102ED000016801201022C4F202029142029000F027
:102EE000A380FFE70498016801202822C4F20202AF
:102EF0009142029000F09880FFE704980168012059
:102F00004022C4F202029142029000F08D80FFE75D
:102F10000498016801205822C4F2020291420290F2
:102F200000F08280FFE70498016801207022C4F25B
:102F300002029142029077D0FFE7049801680120D5
:102F40008822C4F20202914202906DD0FFE70498F9
:102F500001680120A022C4F202029142029063D0D3
:102F6000FFE7049801680120B822C4F202029142EE
:102F7000029059D0FFE704980168012040F2104206
:102F8000C4F20202914202904ED0FFE70498016819
:102F9000012040F22842C4F202029142029043D042
:102FA000FFE704980168012040F24042C4F20202A7
:102FB0009142029038D0FFE704980168012040F266
:102FC0005842C4F20202914202902DD0FFE70498C9
:102FD0000168012040F27042C4F202029142029064
:102FE00022D0FFE704980168012040F28842C4F231
:102FF00002029142029017D0FFE704980168012075
:1030000040F2A042C4F20202914202900CD0FFE7CB
:10301000049800684FF64831CBF6FD710844B0FAC9
:1030200080F040090290FFE70298C007002800F0F6
:103030009D80FFE70499042081F83500049800681A
:103040001021C4F20201884200F08180FFE7049859
:1030500000682821C4F20201884278D0FFE7049872
:1030600000684021C4F20201884270D0FFE7049852
:1030700000685821C4F20201884268D0FFE7049832
:1030800000687021C4F20201884260D0FFE7049812
:1030900000688821C4F20201884258D0FFE70498F2
:1030A0000068A021C4F20201884250D0FFE70498D2
:1030B0000068B821C4F20201884248D0FFE70498B2
:1030C000006840F21041C4F2020188423FD0FFE79D
:1030D0000498006840F22841C4F20201884236D0C8
:1030E000FFE70498006840F24041C4F202018842C0
:1030F0002DD0FFE70498006840F25841C4F2020165
:10310000884224D0FFE70498006840F27041C4F27E
:10311000020188421BD0FFE70498006840F2884112
:10312000C4F20201884212D0FFE70498006840F21E
:10313000A041C4F20201884209D0FFE70498006868
:1031400040F2B841C4F20201884207D1FFE7049877
:103150000168086820F00100086006E00498016832
:10316000086820F001000860FFE7E5E104980168C5
:10317000086820F00E000860049800681021C4F26E
:103180000201884200F08180FFE70498006828214E
:10319000C4F20201884278D0FFE704980068402119
:1031A000C4F20201884270D0FFE7049800685821F9
:1031B000C4F20201884268D0FFE7049800687021D9
:1031C000C4F20201884260D0FFE7049800688821B9
:1031D000C4F20201884258D0FFE704980068A02199
:1031E000C4F20201884250D0FFE704980068B82179
:1031F000C4F20201884248D0FFE70498006840F218
:103200001041C4F2020188423FD0FFE704980068F1
:1032100040F22841C4F20201884236D0FFE7049808
:10322000006840F24041C4F2020188422DD0FFE71D
:103230000498006840F25841C4F20201884224D048
:10324000FFE70498006840F27041C4F2020188422E
:103250001BD0FFE70498006840F28841C4F20201E5
:10326000884212D0FFE70498006840F2A041C4F2FF
:103270000201884209D0FFE70498006840F2B84193
:10328000C4F20201884207D1FFE704980168086888
:1032900020F00100086006E004980168086820F04A
:1032A00001000860FFE70498016801201022C4F2C1
:1032B00002029142019000F00381FFE70498016847
:1032C00001202822C4F202029142019000F0F8800D
:1032D000FFE70498016801204022C4F202029142F3
:1032E000019000F0ED80FFE704980168012058226A
:1032F000C4F202029142019000F0E280FFE70498DC
:10330000016801207022C4F202029142019000F093
:10331000D780FFE70498016801208822C4F20202E6
:103320009142019000F0CC80FFE7049801680120F1
:10333000A022C4F202029142019000F0C180FFE796
:10334000049801680120B822C4F20202914201905F
:1033500000F0B680FFE704980168012040F21042B7
:10336000C4F202029142019000F0AA80FFE70498A3
:103370000168012040F22842C4F202029142019009
:1033800000F09E80FFE704980168012040F240426F
:10339000C4F202029142019000F09280FFE704988B
:1033A0000168012040F25842C4F2020291420190A9
:1033B00000F08680FFE704980168012040F2704227
:1033C000C4F20202914201907AD0FFE704980168AA
:1033D000012040F28842C4F20202914201906FD073
:1033E000FFE704980168012040F2A042C4F2020203
:1033F0009142019064D0FFE704980168012040F2F7
:10340000B842C4F202029142019059D0FFE70498F9
:103410000168012045F20842C5F60202914201907E
:103420004ED0FFE704980168012045F21C42C5F622
:1034300002029142019043D0FFE704980168012005
:1034400045F23042C5F602029142019038D0FFE7C2
:1034500004980168012045F24442C5F602029142F7
:1034600001902DD0FFE704980168012045F25842F1
:10347000C5F602029142019022D0FFE7049801684C
:10348000012045F26C42C5F602029142019017D02C
:10349000FFE704980168012045F28042C5F6020268
:1034A000914201900CD0FFE7049800684AF66C3115
:1034B000CAF2FD710844B0FA80F040090190FFE7BC
:1034C0000198C00728B3FFE70498016E086820F44C
:1034D000807008600498806D03900498C06D00F0BF
:1034E0001F0101208840039948600498416E806E56
:1034F00048600498C06E58B1FFE70498C16E086830
:1035000020F4807008600498016F406F4860FFE706
:10351000FFE70499012081F83500FFE704990020B6
:1035200081F83400FFE70498006D20B1FFE70498AC
:10353000016D8847FFE7FFE7FFE700208DF81700E0
:10354000FFE79DF8170006B080BD000000000000F6
:1035500080B590B00F9000200B9040F6F410C2F2AE
:103560000040006848F2B511C1F64E31A0FB0110D1
:10357000800A0A900F98806D09900F98806D0890CE
:10358000099800680E90089800680D900F980168DF
:1035900001201022C4F202029142079000F0A380A1
:1035A000FFE70F98016801202822C4F2020291422D
:1035B000079000F09880FFE70F98016801204022F3
:1035C000C4F202029142079000F08D80FFE70F984D
:1035D000016801205822C4F202029142079000F0D3
:1035E0008280FFE70F98016801207022C4F2020276
:1035F0009142079077D0FFE70F9801680120882259
:10360000C4F20202914207906DD0FFE70F98016863
:103610000120A022C4F202029142079063D0FFE78A
:103620000F9801680120B822C4F20202914207906B
:1036300059D0FFE70F980168012040F21042C4F210
:103640000202914207904ED0FFE70F9801680120D7
:1036500040F22842C4F202029142079043D0FFE7B1
:103660000F980168012040F24042C4F202029142E8
:10367000079038D0FFE70F980168012040F25842C8
:10368000C4F20202914207902DD0FFE70F98016823
:10369000012040F27042C4F202029142079022D00F
:1036A000FFE70F980168012040F28842C4F202024D
:1036B0009142079017D0FFE70F980168012040F270
:1036C000A042C4F20202914207900CD0FFE70F988B
:1036D00000684FF64831CBF6FD710844B0FA80F02F
:1036E00040090790FFE70798C007002800F01385FE
:1036F000FFE70E980F99C96D01F01F01C840000740
:10370000002840F1B080FFE70F9800681021C4F254
:103710000201884200F08180FFE70F9800682821AD
:10372000C4F20201884278D0FFE70F980068402178
:10373000C4F20201884270D0FFE70F980068582158
:10374000C4F20201884268D0FFE70F980068702138
:10375000C4F20201884260D0FFE70F980068882118
:10376000C4F20201884258D0FFE70F980068A021F8
:10377000C4F20201884250D0FFE70F980068B821D8
:10378000C4F20201884248D0FFE70F98006840F277
:103790001041C4F2020188423FD0FFE70F98006851
:1037A00040F22841C4F20201884236D0FFE70F9868
:1037B000006840F24041C4F2020188422DD0FFE788
:1037C0000F98006840F25841C4F20201884224D0A8
:1037D000FFE70F98006840F27041C4F2020188428E
:1037E0001BD0FFE70F98006840F28841C4F2020145
:1037F000884212D0FFE70F98006840F2A041C4F25F
:103800000201884209D0FFE70F98006840F2B841F2
:10381000C4F20201884207D1FFE70F9800680068F0
:1038200000F00400069006E00F980068006800F0C1
:1038300008000690FFE70698A0B1FFE70F9801681F
:10384000086820F0040008600F98C06D00F01F01A8
:1038500008208840099988600F99486D40F0010060
:103860004865FFE7FFE70E980F99C96D01F01F014A
:10387000C840C007002800F0A980FFE70F98006843
:103880001021C4F20201884200F08180FFE70F9806
:1038900000682821C4F20201884278D0FFE70F981F
:1038A00000684021C4F20201884270D0FFE70F98FF
:1038B00000685821C4F20201884268D0FFE70F98DF
:1038C00000687021C4F20201884260D0FFE70F98BF
:1038D00000688821C4F20201884258D0FFE70F989F
:1038E0000068A021C4F20201884250D0FFE70F987F
:1038F0000068B821C4F20201884248D0FFE70F985F
:10390000006840F21041C4F2020188423FD0FFE754
:103910000F98006840F22841C4F20201884236D074
:10392000FFE70F98006840F24041C4F2020188426C
:103930002DD0FFE70F98006840F25841C4F2020111
:10394000884224D0FFE70F98006840F27041C4F22B
:10395000020188421BD0FFE70F98006840F28841BF
:10396000C4F20201884212D0FFE70F98006840F2CB
:10397000A041C4F20201884209D0FFE70F98006815
:1039800040F2B841C4F20201884207D1FFE70F9824
:103990000068406900F08000059005E00F9800681D
:1039A000006800200590FFE7059870B1FFE70F98C9
:1039B000C06D00F01F0101208840099988600F99AF
:1039C000486D40F002004865FFE7FFE70E980F9949
:1039D000C96D01F01F01C8404007002840F1A980CF
:1039E000FFE70F9800681021C4F20201884200F03E
:1039F0008180FFE70F9800682821C4F20201884205
:103A000078D0FFE70F9800684021C4F20201884295
:103A100070D0FFE70F9800685821C4F20201884275
:103A200068D0FFE70F9800687021C4F20201884255
:103A300060D0FFE70F9800688821C4F20201884235
:103A400058D0FFE70F980068A021C4F20201884215
:103A500050D0FFE70F980068B821C4F202018842F5
:103A600048D0FFE70F98006840F21041C4F202010D
:103A700088423FD0FFE70F98006840F22841C4F227
:103A80000201884236D0FFE70F98006840F24041BB
:103A9000C4F2020188422DD0FFE70F98006840F27F
:103AA0005841C4F20201884224D0FFE70F98006811
:103AB00040F27041C4F2020188421BD0FFE70F9828
:103AC000006840F28841C4F20201884212D0FFE748
:103AD0000F98006840F2A041C4F20201884209D068
:103AE000FFE70F98006840F2B841C4F20201884233
:103AF00007D1FFE70F980068006800F0020004900B
:103B000005E00F980068006800200490FFE7049823
:103B100070B1FFE70F98C06D00F01F0104208840CE
:103B2000099988600F99486D40F004004865FFE7E7
:103B3000FFE70E980F99C96D01F01F01C840C0063C
:103B4000002840F1DE80FFE70F9800681021C4F2E2
:103B50000201884200F08180FFE70F980068282169
:103B6000C4F20201884278D0FFE70F980068402134
:103B7000C4F20201884270D0FFE70F980068582114
:103B8000C4F20201884268D0FFE70F9800687021F4
:103B9000C4F20201884260D0FFE70F9800688821D4
:103BA000C4F20201884258D0FFE70F980068A021B4
:103BB000C4F20201884250D0FFE70F980068B82194
:103BC000C4F20201884248D0FFE70F98006840F233
:103BD0001041C4F2020188423FD0FFE70F9800680D
:103BE00040F22841C4F20201884236D0FFE70F9824
:103BF000006840F24041C4F2020188422DD0FFE744
:103C00000F98006840F25841C4F20201884224D063
:103C1000FFE70F98006840F27041C4F20201884249
:103C20001BD0FFE70F98006840F28841C4F2020100
:103C3000884212D0FFE70F98006840F2A041C4F21A
:103C40000201884209D0FFE70F98006840F2B841AE
:103C5000C4F20201884207D1FFE70F9800680068AC
:103C600000F00800039006E00F980068006800F07C
:103C700004000390FFE70398002841D0FFE70F9866
:103C8000C06D00F01F0110208840099988600F98CE
:103C900000680068400300281AD5FFE70F98006805
:103CA00000680003002809D4FFE70F98006C20B1DA
:103CB000FFE70F98016C8847FFE708E00F98806CDA
:103CC00020B1FFE70F98816C8847FFE7FFE716E018
:103CD0000F9800680068C005002807D4FFE70F9818
:103CE0000168086820F008000860FFE70F98006C82
:103CF00020B1FFE70F98016C8847FFE7FFE7FFE778
:103D0000FFE70E980F99C96D01F01F01C8408006AA
:103D1000002840F12681FFE70F9800681021C4F2C7
:103D20000201884200F08180FFE70F980068282197
:103D3000C4F20201884278D0FFE70F980068402162
:103D4000C4F20201884270D0FFE70F980068582142
:103D5000C4F20201884268D0FFE70F980068702122
:103D6000C4F20201884260D0FFE70F980068882102
:103D7000C4F20201884258D0FFE70F980068A021E2
:103D8000C4F20201884250D0FFE70F980068B821C2
:103D9000C4F20201884248D0FFE70F98006840F261
:103DA0001041C4F2020188423FD0FFE70F9800683B
:103DB00040F22841C4F20201884236D0FFE70F9852
:103DC000006840F24041C4F2020188422DD0FFE772
:103DD0000F98006840F25841C4F20201884224D092
:103DE000FFE70F98006840F27041C4F20201884278
:103DF0001BD0FFE70F98006840F28841C4F202012F
:103E0000884212D0FFE70F98006840F2A041C4F248
:103E10000201884209D0FFE70F98006840F2B841DC
:103E2000C4F20201884207D1FFE70F9800680068DA
:103E300000F01000029006E00F980068006800F0A3
:103E400002000290FFE70298002800F08980FFE757
:103E50000F98C06D00F01F012020884009998860EC
:103E60000F9890F83500042837D1FFE70F980168C4
:103E7000086820F0160008600F980168486920F073
:103E8000800048610F98006C20B9FFE70F98806CA4
:103E900038B1FFE70F980168086820F00800086053
:103EA000FFE70F98C06D00F01F013F20884009997F
:103EB00088600F99012081F83500FFE70F990020F5
:103EC00081F83400FFE70F98006D20B1FFE70F98ED
:103ED000016D8847FFE700F019BC0F980068006883
:103EE000400300281AD5FFE70F9800680068000318
:103EF000002809D4FFE70F98406C20B1FFE70F9826
:103F0000416C8847FFE708E00F98C06B20B1FFE7DE
:103F10000F98C16B8847FFE7FFE720E00F98006824
:103F20000068C005002811D4FFE70F9801680868F1
:103F300020F0100008600F99012081F83500FFE79C
:103F40000F99002081F83400FFE7FFE70F98C06B5E
:103F500020B1FFE70F98C16B8847FFE7FFE7FFE756
:103F6000FFE70F98406D002800F0D480FFE70F981E
:103F7000406DC007002800F0C480FFE70F990420BF
:103F800081F835000F9800681021C4F202018842C0
:103F900000F08180FFE70F9800682821C4F2020139
:103FA000884278D0FFE70F9800684021C4F20201F0
:103FB000884270D0FFE70F9800685821C4F20201D0
:103FC000884268D0FFE70F9800687021C4F20201B0
:103FD000884260D0FFE70F9800688821C4F2020190
:103FE000884258D0FFE70F980068A021C4F2020170
:103FF000884250D0FFE70F980068B821C4F2020150
:10400000884248D0FFE70F98006840F21041C4F2A0
:10401000020188423FD0FFE70F98006840F2284134
:10402000C4F20201884236D0FFE70F98006840F2E0
:104030004041C4F2020188422DD0FFE70F9800688A
:1040400040F25841C4F20201884224D0FFE70F98A1
:10405000006840F27041C4F2020188421BD0FFE7C1
:104060000F98006840F28841C4F20201884212D0E1
:10407000FFE70F98006840F2A041C4F202018842B5
:1040800009D0FFE70F98006840F2B841C4F202017E
:10409000884207D1FFE70F980168086820F0010007
:1040A000086006E00F980168086820F001000860C9
:1040B000FFE7FFE70B9801300B900A99884201D97E
:1040C000FFE707E0FFE70F9800680068C0070028D7
:1040D000F0D1FFE70F9800680068C00728B1FFE73C
:1040E0000F99032081F8350004E00F99012081F831
:1040F0003500FFE7FFE70F99002081F83400FFE764
:10410000FFE70F98C06C20B1FFE70F98C16C88479C
:10411000FFE7FFE7FAE20F980168012045F2084245
:10412000C5F60202914201904ED0FFE70F98016858
:10413000012045F21C42C5F602029142019043D093
:10414000FFE70F980168012045F23042C5F60202F0
:104150009142019038D0FFE70F980168012045F2A5
:104160004442C5F60202914201902DD0FFE70F981C
:104170000168012045F25842C5F6020291420190C1
:1041800022D0FFE70F980168012045F26C42C5F686
:1041900002029142019017D0FFE70F9801680120B9
:1041A00045F28042C5F60202914201900CD0FFE731
:1041B0000F9800684AF66C31CAF2FD710844B0FAF3
:1041C00080F040090190FFE70198C007002800F047
:1041D0009B82FFE70F98006800680C900D980F997C
:1041E000C96D01F01F01C8404007002840F1D78089
:1041F000FFE79DF830004007002840F1D080FFE73E
:104200000F98C06D00F01F01042088400899486095
:104210009DF831000006002818D5FFE79DF8320010
:10422000C00748B9FFE70F98806C20B1FFE70F98EF
:10423000816C8847FFE708E00F98006C20B1FFE72A
:104240000F98016C8847FFE7FFE7A7E09DF8300073
:104250008006002800F19980FFE70F980068102180
:10426000C4F20201884200F08180FFE70F980068E5
:104270002821C4F20201884278D0FFE70F98006835
:104280004021C4F20201884270D0FFE70F98006815
:104290005821C4F20201884268D0FFE70F980068F5
:1042A0007021C4F20201884260D0FFE70F980068D5
:1042B0008821C4F20201884258D0FFE70F980068B5
:1042C000A021C4F20201884250D0FFE70F98006895
:1042D000B821C4F20201884248D0FFE70F98006875
:1042E00040F21041C4F2020188423FD0FFE70F982C
:1042F000006840F22841C4F20201884236D0FFE74C
:104300000F98006840F24041C4F2020188422DD06B
:10431000FFE70F98006840F25841C4F2020188425A
:1043200024D0FFE70F98006840F27041C4F2020108
:1043300088421BD0FFE70F98006840F28841C4F222
:104340000201884212D0FFE70F98006840F2A041B6
:10435000C4F20201884209D0FFE70F98006840F2DA
:10436000B841C4F20201884207D1FFE70F98016803
:10437000086820F00800086006E00F9801680868E7
:1043800020F004000860FFE7FFE70F98006C20B101
:10439000FFE70F98016C8847FFE7FFE7B3E10D984F
:1043A0000F99C96D01F01F01C8408007002840F136
:1043B000E180FFE79DF830008007002840F1DA80B7
:1043C000FFE70F98C06D00F01F0102208840089998
:1043D00048609DF831000006002818D5FFE79DF8D9
:1043E0003200C00748B9FFE70F98406C20B1FFE7E3
:1043F0000F98416C8847FFE708E00F98C06B20B129
:10440000FFE70F98C16B8847FFE7FFE7B1E09DF832
:1044100030008006002800F1A380FFE70F980068B5
:104420001021C4F20201884200F08180FFE70F985A
:1044300000682821C4F20201884278D0FFE70F9873
:1044400000684021C4F20201884270D0FFE70F9853
:1044500000685821C4F20201884268D0FFE70F9833
:1044600000687021C4F20201884260D0FFE70F9813
:1044700000688821C4F20201884258D0FFE70F98F3
:104480000068A021C4F20201884250D0FFE70F98D3
:104490000068B821C4F20201884248D0FFE70F98B3
:1044A000006840F21041C4F2020188423FD0FFE7A9
:1044B0000F98006840F22841C4F20201884236D0C9
:1044C000FFE70F98006840F24041C4F202018842C1
:1044D0002DD0FFE70F98006840F25841C4F2020166
:1044E000884224D0FFE70F98006840F27041C4F280
:1044F000020188421BD0FFE70F98006840F2884114
:10450000C4F20201884212D0FFE70F98006840F21F
:10451000A041C4F20201884209D0FFE70F98006869
:1045200040F2B841C4F20201884207D1FFE70F9878
:104530000168086820F01400086006E00F98016820
:10454000086820F00A000860FFE70F99012081F851
:104550003500FFE70F99002081F83400FFE7FFE7FF
:104560000F98C06B20B1FFE70F98C16B8847FFE73A
:10457000FFE7C7E00D980F99C96D01F01F01C84012
:104580000007002840F1BC80FFE79DF830000007DD
:10459000002840F1B580FFE70F9800681021C4F2B1
:1045A0000201884200F08180FFE70F98006828210F
:1045B000C4F20201884278D0FFE70F9800684021DA
:1045C000C4F20201884270D0FFE70F9800685821BA
:1045D000C4F20201884268D0FFE70F98006870219A
:1045E000C4F20201884260D0FFE70F98006888217A
:1045F000C4F20201884258D0FFE70F980068A0215A
:10460000C4F20201884250D0FFE70F980068B82139
:10461000C4F20201884248D0FFE70F98006840F2D8
:104620001041C4F2020188423FD0FFE70F980068B2
:1046300040F22841C4F20201884236D0FFE70F98C9
:10464000006840F24041C4F2020188422DD0FFE7E9
:104650000F98006840F25841C4F20201884224D009
:10466000FFE70F98006840F27041C4F202018842EF
:104670001BD0FFE70F98006840F28841C4F20201A6
:10468000884212D0FFE70F98006840F2A041C4F2C0
:104690000201884209D0FFE70F98006840F2B84154
:1046A000C4F20201884207D1FFE70F980168086849
:1046B00020F01C00086006E00F980168086820F0F0
:1046C0000E000860FFE70F98C06D00F01F01012089
:1046D00000FA01F1089A51600F9948650F9981F825
:1046E0003500FFE70F99002081F83400FFE70F98AD
:1046F000C06C20B1FFE70F98C16C8847FFE700E06E
:10470000FFE7FFE7FFE700E0FFE7FFE710B080BD4E
:1047100080B58EB00C9002F027FC0A900C9828B956
:10472000FFE701208DF8370000F09FBC0C9801686E
:1047300001201022C4F202029142079000F0A380EF
:10474000FFE70C98016801202822C4F2020291427E
:10475000079000F09880FFE70C9801680120402244
:10476000C4F202029142079000F08D80FFE70C989E
:10477000016801205822C4F202029142079000F021
:104780008280FFE70C98016801207022C4F20202C7
:104790009142079077D0FFE70C98016801208822AA
:1047A000C4F20202914207906DD0FFE70C980168B5
:1047B0000120A022C4F202029142079063D0FFE7D9
:1047C0000C9801680120B822C4F2020291420790BD
:1047D00059D0FFE70C980168012040F21042C4F262
:1047E0000202914207904ED0FFE70C980168012029
:1047F00040F22842C4F202029142079043D0FFE700
:104800000C980168012040F24042C4F20202914239
:10481000079038D0FFE70C980168012040F2584219
:10482000C4F20202914207902DD0FFE70C98016874
:10483000012040F27042C4F202029142079022D05D
:10484000FFE70C980168012040F28842C4F202029E
:104850009142079017D0FFE70C980168012040F2C1
:10486000A042C4F20202914207900CD0FFE70C98DC
:1048700000684FF64831CBF6FD710844B0FA80F07D
:1048800040090790FFE70798C007002800F07881EB
:10489000FFE70C98406A08B1FFE7FFE70C99022098
:1048A00081F83500FFE70C99002081F83400FFE71C
:1048B0000C9800681021C4F20201884200F0818047
:1048C000FFE70C9800682821C4F20201884278D0E2
:1048D000FFE70C9800684021C4F20201884270D0C2
:1048E000FFE70C9800685821C4F20201884268D0A2
:1048F000FFE70C9800687021C4F20201884260D082
:10490000FFE70C9800688821C4F20201884258D061
:10491000FFE70C980068A021C4F20201884250D041
:10492000FFE70C980068B821C4F20201884248D021
:10493000FFE70C98006840F21041C4F2020188427F
:104940003FD0FFE70C98006840F22841C4F2020112
:10495000884236D0FFE70C98006840F24041C4F22C
:10496000020188422DD0FFE70C98006840F25841C0
:10497000C4F20201884224D0FFE70C98006840F29C
:104980007041C4F2020188421BD0FFE70C98006816
:1049900040F28841C4F20201884212D0FFE70C982D
:1049A000006840F2A041C4F20201884209D0FFE74A
:1049B0000C98006840F2B841C4F20201884207D165
:1049C000FFE70C980168086820F00100086006E025
:1049D0000C980168086820F001000860FFE7FFE715
:1049E0000C9800680068C00798B1FFE702F0BCFAB5
:1049F0000A99401A06280BD3FFE70C992020486536
:104A00000C99032081F8350001208DF837002CE344
:104A1000E6E70C98006800680B900B9848F23F019D
:104A2000CFF6106108400B900C998868D1F80CC043
:104A30000B694A6940EA0C00184310438A69104325
:104A4000CA691043096A01430B9808430B900C98FC
:104A5000406A042808D1FFE70C99C86A096B014332
:104A60000B9808430B90FFE70C984068292807D360
:104A7000FFE70C98416801202F29069036D3FFE705
:104A80000C9840683F2807D3FFE70C984168012045
:104A9000432906902AD3FFE70C984068472807D39C
:104AA000FFE70C9841680120492906901ED3FFE7D3
:104AB0000C9840684F2807D3FFE70C984168012005
:104AC0005329069012D3FFE70C98416800207429FF
:104AD000059008D3FFE70C9841680020782938BF7B
:104AE00001200590FFE705980690FFE70698C007AC
:104AF00028B1FFE70B9840F480100B90FFE70B986C
:104B00000C99096808600C98006840690B900B9834
:104B100020F007000B900C98416A0B9808430B900B
:104B20000C98406A04281AD1FFE70C98816A0B9808
:104B300008430B900C98C06A80B1FFE70C98FCF713
:104B4000A7FD50B1FFE70C99402048650C99012062
:104B500081F835008DF8370087E2FFE7FFE70B9813
:104B60000C99096848610C98FCF756FB09900C9861
:104B7000C06D00F01F013F2088400999886027E13F
:104B80000C980168012045F20842C5F602029142E4
:104B900004904ED0FFE70C980168012045F21C42BA
:104BA000C5F602029142049043D0FFE70C980168D9
:104BB000012045F23042C5F602029142049038D0FD
:104BC000FFE70C980168012045F24442C5F6020255
:104BD000914204902DD0FFE70C980168012045F226
:104BE0005842C5F602029142049022D0FFE70C9889
:104BF0000168012045F26C42C5F602029142049020
:104C000017D0FFE70C980168012045F28042C5F6F5
:104C10000202914204900CD0FFE70C9800684AF61B
:104C20006C31CAF2FD710844B0FA80F0400904907A
:104C3000FFE70498C007002800F0BE80FFE70C984B
:104C40000168012045F20842C5F602029142039034
:104C50004ED0FFE70C980168012045F21C42C5F6D2
:104C600002029142039043D0FFE70C9801680120B3
:104C700045F23042C5F602029142039038D0FFE778
:104C80000C980168012045F24442C5F602029142A7
:104C900003902DD0FFE70C980168012045F258429F
:104CA000C5F602029142039022D0FFE70C980168FA
:104CB000012045F26C42C5F602029142039017D0E2
:104CC000FFE70C980168012045F28042C5F6020218
:104CD000914203900CD0FFE70C9800684AF66C31C3
:104CE000CAF2FD710844B0FA80F040090390FFE772
:104CF0000398C00708B1FFE7FFE70C99022081F88D
:104D00003500FFE70C99002081F83400FFE70C988C
:104D1000006800680B900B986FF310100B900C98C4
:104D20008068402803D1FFE71020029008E00C982B
:104D300080688038B0FA80F0400980030290FFE775
:104D400002980C99D1F80CE0D1F810C04B698A692F
:104D500040EADE0040EADC0040EAD30040EAD2004C
:104D6000CA6940EAD200096A40EA11110B98084367
:104D70000B900B980C99096808600C9908684AF622
:104D8000F832CAF2FD7210444CF6CD42CCF6CC4259
:104D9000A0FB02026FF0030000EA9200C8650C98C5
:104DA000FCF73AFA08900C98C06D00F01F01012042
:104DB0008840089948600AE00C99402048650C99A1
:104DC000032081F8350001208DF837004DE1FFE721
:104DD0000C98016801201022C4F202029142019055
:104DE00000F00381FFE70C98016801202822C4F23B
:104DF00002029142019000F0F880FFE70C980168F0
:104E000001204022C4F202029142019000F0ED80A4
:104E1000FFE70C98016801205822C4F20202914277
:104E2000019000F0E280FFE70C98016801207022F9
:104E3000C4F202029142019000F0D780FFE70C9883
:104E4000016801208822C4F202029142019000F020
:104E5000CC80FFE70C9801680120A022C4F2020276
:104E60009142019000F0C180FFE70C980168012099
:104E7000B822C4F202029142019000F0B680FFE72E
:104E80000C980168012040F21042C4F202029142E3
:104E9000019000F0AA80FFE70C980168012040F221
:104EA0002842C4F202029142019000F09E80FFE786
:104EB0000C980168012040F24042C4F20202914283
:104EC000019000F09280FFE70C980168012040F209
:104ED0005842C4F202029142019000F08680FFE73E
:104EE0000C980168012040F27042C4F20202914223
:104EF00001907AD0FFE70C980168012040F28842C7
:104F0000C4F20202914201906FD0FFE70C98016851
:104F1000012040F2A042C4F202029142019064D00A
:104F2000FFE70C980168012040F2B842C4F2020287
:104F30009142019059D0FFE70C980168012045F299
:104F40000842C5F60202914201904ED0FFE70C984C
:104F50000168012045F21C42C5F60202914201900F
:104F600043D0FFE70C980168012045F23042C5F6B6
:104F700002029142019038D0FFE70C9801680120AD
:104F800045F24442C5F60202914201902DD0FFE75E
:104F90000C980168012045F25842C5F60202914280
:104FA000019022D0FFE70C980168012045F26C4285
:104FB000C5F602029142019017D0FFE70C980168F4
:104FC000012045F28042C5F60202914201900CD0C8
:104FD000FFE70C9800684AF66C31CAF2FD7108448C
:104FE000B0FA80F040090190FFE70198C00790B344
:104FF000FFE70C98FCF7F8F90C988068802804D13A
:10500000FFE70C9900204860FFE70C990879096ECA
:1050100008600C98416E806E48600C98406888B1BA
:10502000FFE70C98406808280CD8FFE70C98FCF7BD
:1050300097FA0C98C16E002008600C98016F406FC1
:10504000486007E00C990020C8660C9908670C9925
:105050004867FFE7FFE70C99002048650C9A01219B
:1050600082F835108DF83700FFE79DF837000EB055
:1050700080BD00000000000080B588B0069005915A
:105080000492039300208DF80B00069820B9FFE7E7
:1050900001208DF81F006CE3FFE7069890F83400BC
:1050A000012804D1FFE702208DF81F0061E3069973
:1050B000012081F83400FFE7FFE7069890F83500FB
:1050C000012840F04383FFE70699022081F835006C
:1050D000069900204865069800681021C4F2020174
:1050E000884200F08180FFE7069800682821C4F21A
:1050F0000201884278D0FFE7069800684021C4F298
:105100000201884270D0FFE7069800685821C4F277
:105110000201884268D0FFE7069800687021C4F257
:105120000201884260D0FFE7069800688821C4F237
:105130000201884258D0FFE706980068A021C4F217
:105140000201884250D0FFE706980068B821C4F2F7
:105150000201884248D0FFE70698006840F21041FB
:10516000C4F2020188423FD0FFE70698006840F28F
:105170002841C4F20201884236D0FFE70698006851
:1051800040F24041C4F2020188422DD0FFE7069868
:10519000006840F25841C4F20201884224D0FFE77F
:1051A0000698006840F27041C4F2020188421BD0A8
:1051B000FFE70698006840F28841C4F20201884285
:1051C00012D0FFE70698006840F2A041C4F2020145
:1051D000884209D0FFE70698006840F2B841C4F25F
:1051E0000201884207D1FFE706980168086820F0AD
:1051F0000100086006E006980168086820F00100D8
:105200000860FFE706980599049A039BFCF7B8FA33
:105210000698016801201022C4F202029142019016
:1052200000F0A380FFE70698016801202822C4F25D
:1052300002029142019000F09880FFE70698016811
:1052400001204022C4F202029142019000F08D80C0
:10525000FFE70698016801205822C4F20202914239
:10526000019000F08280FFE706980168012070221B
:10527000C4F202029142019077D0FFE706980168DC
:1052800001208822C4F20202914201906DD0FFE712
:10529000069801680120A022C4F202029142019006
:1052A00063D0FFE7069801680120B822C4F2020229
:1052B0009142019059D0FFE706980168012040F221
:1052C0001042C4F20202914201904ED0FFE70698CC
:1052D0000168012040F22842C4F20202914201908A
:1052E00043D0FFE706980168012040F24042C4F233
:1052F00002029142019038D0FFE706980168012030
:1053000040F25842C4F20202914201902DD0FFE7D0
:1053100006980168012040F27042C4F202029142F4
:10532000019022D0FFE706980168012040F28842F0
:10533000C4F202029142019017D0FFE7069801687B
:10534000012040F2A042C4F20202914201900CD02E
:10535000FFE7069800684FF64831CBF6FD71084428
:10536000B0FA80F040090190FFE70198C007A8B1AA
:10537000FFE70698006800680B2161F34400069976
:10538000096808600698006C38B1FFE70698016864
:10539000086840F008000860FFE714E0069800681D
:1053A0000068052161F343000699096808600698C2
:1053B000006C38B1FFE706980168086840F0040007
:1053C0000860FFE7FFE70698016801201022C4F299
:1053D00002029142009000F00381FFE70698016805
:1053E00001202822C4F202029142009000F0F880CD
:1053F000FFE70698016801204022C4F202029142B0
:10540000009000F0ED80FFE7069801680120582227
:10541000C4F202029142009000F0E280FFE7069899
:10542000016801207022C4F202029142009000F053
:10543000D780FFE70698016801208822C4F20202A3
:105440009142009000F0CC80FFE7069801680120AF
:10545000A022C4F202029142009000F0C180FFE756
:10546000069801680120B822C4F20202914200901D
:1054700000F0B680FFE706980168012040F2104274
:10548000C4F202029142009000F0AA80FFE7069861
:105490000168012040F22842C4F2020291420090C9
:1054A00000F09E80FFE706980168012040F240422C
:1054B000C4F202029142009000F09280FFE7069849
:1054C0000168012040F25842C4F202029142009069
:1054D00000F08680FFE706980168012040F27042E4
:1054E000C4F20202914200907AD0FFE70698016868
:1054F000012040F28842C4F20202914200906FD033
:10550000FFE706980168012040F2A042C4F20202BF
:105510009142009064D0FFE706980168012040F2B4
:10552000B842C4F202029142009059D0FFE70698B7
:105530000168012045F20842C5F60202914200903E
:105540004ED0FFE706980168012045F21C42C5F6DF
:1055500002029142009043D0FFE7069801680120C3
:1055600045F23042C5F602029142009038D0FFE782
:1055700006980168012045F24442C5F602029142B4
:1055800000902DD0FFE706980168012045F25842AF
:10559000C5F602029142009022D0FFE7069801680A
:1055A000012045F26C42C5F602029142009017D0EC
:1055B000FFE706980168012045F28042C5F6020225
:1055C000914200900CD0FFE7069800684AF66C31D3
:1055D000CAF2FD710844B0FA80F040090090FFE77C
:1055E0000098C007D0B1FFE70698006E0068C003BE
:1055F000002807D5FFE70698016E086840F4807020
:105600000860FFE70698C06E38B1FFE70698C16EE4
:10561000086840F480700860FFE7FFE706980068BC
:105620001021C4F20201884200F08180FFE7069851
:1056300000682821C4F20201884278D0FFE706986A
:1056400000684021C4F20201884270D0FFE706984A
:1056500000685821C4F20201884268D0FFE706982A
:1056600000687021C4F20201884260D0FFE706980A
:1056700000688821C4F20201884258D0FFE70698EA
:105680000068A021C4F20201884250D0FFE70698CA
:105690000068B821C4F20201884248D0FFE70698AA
:1056A000006840F21041C4F2020188423FD0FFE797
:1056B0000698006840F22841C4F20201884236D0C0
:1056C000FFE70698006840F24041C4F202018842B8
:1056D0002DD0FFE70698006840F25841C4F202015D
:1056E000884224D0FFE70698006840F27041C4F277
:1056F000020188421BD0FFE70698006840F288410B
:10570000C4F20201884212D0FFE70698006840F216
:10571000A041C4F20201884209D0FFE70698006860
:1057200040F2B841C4F20201884207D1FFE706986F
:105730000168086840F00100086006E0069801680A
:10574000086840F001000860FFE70DE006994FF49B
:1057500000604865FFE70699002081F83400FFE704
:1057600001208DF80B00FFE79DF80B008DF81F005E
:10577000FFE79DF81F0008B080BD0000000000009A
:1057800080B584B0039001F0EFFB02900398019084
:105790000198013048B1FFE740F60030C2F2004006
:1057A0000178019808440190FFE7FFE701F0DCFB76
:1057B0000299401A0199884201D2FFE7F6E704B046
:1057C00080BD00000000000085B0039002910192AE
:1057D000039890F898008DF803009DF803000128C5
:1057E00005D0FFE79DF8030002285DD1FFE702988E
:1057F00003990968896D084207D1FFE7039801689A
:10580000C86D40F00100C86515E002980399096869
:10581000896D08400299884207D1FFE70398016823
:10582000C86D40F00200C86504E0039801680320D9
:10583000C865FFE7FFE79DF809008007002809D544
:10584000FFE7019A03980168D1F8E0001043C1F81E
:10585000E000FFE79DF809004007002809D5FFE7B1
:10586000019A03980168D1F8E4001043C1F8E400FC
:10587000FFE7FFE702984FF6FF71C3F6CF7100EA2A
:10588000010203980168486D10434865029A4AF680
:105890001401C4F20001086840EA92700860FFE752
:1058A00000208DF813000AE00399D1F89C0040F025
:1058B0000200C1F89C0001208DF81300FFE79DF85D
:1058C000130005B07047000082B00190009102B053
:1058D000704700000000000087B005900491059813
:1058E00090F898008DF803009DF80300012805D07A
:1058F000FFE79DF8030002286AD1FFE70498C0681B
:10590000072801D1FFE7FFE70498006878BBFFE7AD
:105910000498C068072801D0FFE7FFE70498C06833
:1059200007280CD1FFE7049A10699169D269000435
:1059300040EA0220084340F0605003900CE00499D4
:105940008868CB680A694969800740EAC36040EA11
:10595000024008430390FFE70598C06E0499496828
:1059600000EB810001900398019908602CE00498F5
:10597000C068072801D0FFE7FFE70498C168006905
:1059800040EA417003900498C068072804D1FFE7FB
:1059900004988069029006E004988168406940EAB2
:1059A00081700290FFE70598006F0499496800EB49
:1059B000C10001900398019908600198043001909A
:1059C000029801990860FFE700208DF81B000AE0AB
:1059D0000599D1F89C0040F00200C1F89C0001201C
:1059E0008DF81B00FFE79DF81B0007B07047000013
:1059F00085B0DDF814C003900291019200930398E2
:105A000090F89800012812D1FFE70298000101994F
:105A100040EA8100009940EA410005990843039952
:105A20000968C1F8800000208DF813000AE003998E
:105A3000D1F89C0040F00400C1F89C0001208DF8D2
:105A40001300FFE79DF8130005B070470000000049
:105A500081B0009001B0704782B00190009102B017
:105A600070470000000000008AB00890079106927D
:105A7000059300200190089890F898008DF8030095
:105A80009DF80300022840F05E81FFE70798402858
:105A900052D1FFE708980068D0F8A00010F4FE0F7C
:105AA0000BD1FFE70899D1F89C0040F02000C1F825
:105AB0009C0001208DF8270050E108980068D0F87C
:105AC000A400400658B9FFE70899D1F89C0040F4BB
:105AD0008070C1F89C0001208DF827003EE10898F5
:105AE0000068D0F8A40000F080710120B0EB116FC5
:105AF0000ED1FFE708980068D0F8A0104FF00040E2
:105B0000B0EBD17F03D1FFE701200190FFE7FFE772
:105B100008980068D0F8A40000F47C51019800EBCC
:105B2000112001900898426C406F0199514300EB9D
:105B300081000490FFE771E00798412852D1FFE708
:105B400008980068D0F8B00010F4FE0F0BD1FFE702
:105B50000899D1F89C0040F02000C1F89C00012079
:105B60008DF82700FAE008980068D0F8B4004006E5
:105B700058B9FFE70899D1F89C0040F48070C1F84B
:105B80009C0001208DF82700E8E008980068D0F814
:105B9000B40000F080710120B0EB116F0ED1FFE76F
:105BA00008980068D0F8B0104FF00040B0EBD17FFB
:105BB00003D1FFE701200190FFE7FFE708980068A5
:105BC000D0F8B40000F47C51019800EB1120019052
:105BD0000898C26C806F0199514300EB81000490DA
:105BE000FFE71AE007980899096D88420BD3FFE791
:105BF0000899D1F89C0040F02000C1F89C000120D9
:105C00008DF82700AAE00898426DC06F07995143AC
:105C100000EB81000490FFE7FFE7FFE704980068CE
:105C200000F08040069948600698406838B9FFE760
:105C300004980068C0F38A400699086006E004985A
:105C4000006820F0604006990860FFE7049800684B
:105C500000F00050069988600498006800F0004049
:105C60000699086104980430049004980088069905
:105C7000C8610498006800F470200699C860049810
:105C8000006800F48010069948610498006800F4E8
:105C900000100699886104980068C0F306600699B0
:105CA000086204980068C00F06994862049804309E
:105CB00004900498039000200290FFE70298069950
:105CC000CA8948F20C21C0F60101895C88420AD2D7
:105CD000FFE70398029A805C05998854FFE70298D1
:105CE00001300290EAE70798402806D1FFE70198C3
:105CF00008990968C1F8A80021E00798412806D151
:105D0000FFE7019808990968C1F8B80016E00798FC
:105D10001F2808D8FFE707990120884008990968DB
:105D2000C1F8980009E0079800F01F0101208840A1
:105D300008990968C1F89C00FFE7FFE7FFE700202A
:105D40008DF827000AE00899D1F89C0040F008007F
:105D5000C1F89C0001208DF82700FFE79DF827007F
:105D60000AB070470000000081B0009001B0704799
:105D700080B594B013904AF61000C4F20000006899
:105D8000800712904AF61400C4F2000001681298CD
:105D900000EA8170129013980068006D00F4704062
:105DA000119013980068416D119808401190139854
:105DB0000068006D00F00F00109013980068416DAE
:105DC00010980840109013980068006D00F0F000E3
:105DD0000F9013980068416D0F9808400F9013982A
:105DE0000068006D00F071500E9013980068416DCE
:105DF0000E9808400E9013980068006D00F06070D7
:105E00000D9013980068416D0D9808400D901398FF
:105E10000068406D039013980068006D01909DF834
:105E20000D00C007B8B1FFE79DF80500C00788B1B5
:105E3000FFE7FFE7139801684FF4807008654AF6A2
:105E40001001C4F2000100200860FFE71398FFF77B
:105E50008BFFFFE7FFE79DF80D0000F00401002035
:105E6000B0EB910F28D0FFE79DF8050000F004018A
:105E70000020B0EB910F1ED0FFE713980068D0F818
:105E8000DC000B9013980068D0F8E4100B980840E1
:105E90000B90FFE7139801684FF4806008654AF69D
:105EA0001001C4F2000100200860FFE713980B996D
:105EB00000F03AFEFFE7FFE71298B8B1FFE7FFE70F
:105EC00012984FF6FF71C3F6CF7108401399096815
:105ED00008651298800F4AF61001C4F200010860AC
:105EE000FFE713981299FFF7EFFCFFE71198B8B19D
:105EF000FFE7FFE711984FF6FF71C3F6CF71084037
:105F00001399096808651198800F4AF61001C4F2C8
:105F100000010860FFE71398119900F015FEFFE7F4
:105F20001098B8B1FFE7FFE710984FF6FF71C3F67E
:105F3000CF7108401399096808651098800F4AF6D8
:105F40001001C4F200010860FFE71398109900F0F7
:105F500027FDFFE70F98B8B1FFE7FFE70F984FF66F
:105F6000FF71C3F6CF7108401399096808650F984F
:105F7000800F4AF61001C4F200010860FFE7139891
:105F80000F9900F055FDFFE79DF80D0000F00801A6
:105F90000020B0EBD10F1BD0FFE79DF8050000F00B
:105FA00008010020B0EBD10F11D0FFE7FFE71398F5
:105FB00001684FF4006008654AF61001C4F2000160
:105FC00000200860FFE7139800F0C6FDFFE7FFE739
:105FD0009DF80D0000F002010020B0EB510F28D019
:105FE000FFE79DF8050000F002010020B0EB510F23
:105FF0001ED0FFE713980068D0F8D8000C901398D3
:106000000068D0F8E0100C9808400C90FFE7139857
:1060100001684FF4007008654AF61001C4F20001EF
:1060200000200860FFE713980C9900F085FDFFE75A
:10603000FFE79DF80E0000F008010020B0EBD10F43
:106040001BD0FFE79DF8060000F008010020B0EB30
:10605000D10F11D0FFE7FFE7139801684FF400203C
:1060600008654AF61001C4F2000100200860FFE74D
:10607000139800F091FCFFE7FFE79DF80E00C007C2
:10608000B8B1FFE79DF80600C00788B1FFE7FFE75A
:10609000139801684FF4803008654AF61001C4F285
:1060A000000100200860FFE7139800F039FDFFE7CA
:1060B000FFE79DF80E0000F004010020B0EB910F07
:1060C0001BD0FFE79DF8060000F004010020B0EBB4
:1060D000910F11D0FFE7FFE7139801684FF480207C
:1060E00008654AF61001C4F2000100200860FFE7CD
:1060F000139800F011FDFFE7FFE79DF80E0000F098
:1061000002010020B0EB510F1FD0FFE79DF8060001
:1061100000F002010020B0EB510F15D0FFE7FFE7C0
:10612000139801684FF4003008654AF61001C4F274
:10613000000100200860FFE71399D1F89C0040F0AF
:106140008000C1F89C00FFE7FFE70D98B8B1FFE7BA
:10615000FFE70D984FF6FF71C3F6CF710840139912
:10616000096808650D98800F4AF61001C4F2000115
:106170000860FFE713980D99FFF76EFCFFE70E9894
:10618000D0B1FFE7FFE70E984FF6FF71C3F6CF716E
:1061900008401399096808650E98800F4AF61001A7
:1061A000C4F200010860FFE70E9A1399D1F89C0031
:1061B0001043C1F89C00FFE7139800684AF2000101
:1061C000C4F20001884240F0B980FFE713984068AC
:1061D00080688007002800F0B080FFE713984068CF
:1061E000006A00F00F000A9013984068416A0A980C
:1061F00008400A9013984068006A00F03000099047
:1062000013984068416A09980840099013984068BB
:10621000006A00F4C070089013984068416A0898BA
:106220000840089013984068006A00F4FC4007900A
:1062300013984068416A079808400790139840688F
:10624000006A00F4F020069013984068416A0698AE
:106250000840069013984068406A0290139840687E
:10626000006A00900A9848B1FFE70A9813994968B4
:10627000086213980A9900F037FCFFE7099848B1C3
:10628000FFE709981399496808621398099900F083
:106290003BFCFFE79DF8080000F040010020B0EB58
:1062A000911F1FD0FFE79DF8000000F04001002083
:1062B000B0EB911F15D0FFE713984068C06B000C3E
:1062C000059013984068C06B00F03F00049013984D
:1062D00041684020086213980599049A00F00CFC6C
:1062E000FFE7FFE7089848B1FFE708981399496866
:1062F00008621398089900F0EFFBFFE7079860B178
:10630000FFE70798139949680862079A1399D1F82B
:106310009C001043C1F89C00FFE7069860B1FFE7BE
:106320000698139949680862069A1399D1F89C0057
:106330001043C1F89C00FFE7FFE7FFE71398D0F890
:106340009C0020B1FFE71398FFF782FBFFE714B032
:1063500080BD00000000000080B598B0169048F2A3
:106360007411C0F6010101A84C22F9F7FCFF169840
:1063700020B9FFE701208DF85F00D9E11698006889
:106380004AF20001C4F20001884206D1FFE71699E3
:10639000086800F580704860FFE716988068B0F5DF
:1063A000407F01D1FFE7FFE71698006C08B1FFE7D7
:1063B000FFE71698806C08B1FFE7FFE71698006DBD
:1063C00008B1FFE7FFE71698006E08B1FFE7FFE7A7
:1063D0001699C86D096E084408B1FFE7FFE71698E3
:1063E00090F8980040B9FFE71699002081F89900CD
:1063F000169800F0A1F9FFE716980168886920F067
:106400001000886100F0B0FD1590FFE71698006855
:1064100080690007002817D5FFE700F0A5FD159952
:10642000401A0B280FD3FFE71699D1F89C0040F0D3
:106430000100C1F89C001699032081F89800012002
:106440008DF85F0074E1E1E716980168886940F013
:106450000100886100F088FD1590FFE7169800683C
:106460008069C007B8B9FFE700F07EFD1599401AB2
:106470000B280FD3FFE71699D1F89C0040F00100DC
:10648000C1F89C001699032081F8980001208DF82E
:106490005F004DE1E2E716980168886940F002006C
:1064A00088611698007C012807D1FFE716980168DB
:1064B000886920F04000886106E0169801688869C4
:1064C00040F040008861FFE71698407C012807D122
:1064D000FFE716980168886940F48040886106E00B
:1064E00016980168886920F480408861FFE7169853
:1064F000807C012807D1FFE716980168886920F49D
:106500008050886106E016980168886940F48050E0
:106510008861FFE716980068806920F44070169A39
:10652000116892681043886116980168886920F0A4
:10653000A400886116980168086920F010000861BD
:106540001698C068012807D1FFE716980168886986
:1065500040F0040088612BE01698C06830B3FFE774
:106560001698C068022819D0FFE716980168886954
:1065700040F08000886116980168086940F01000BA
:1065800008611698C068032807D1FFE716980168CC
:10659000886940F020008861FFE706E016980168EE
:1065A000886940F020008861FFE700E0FFE7FFE72F
:1065B000169A116853699069D2F81CE0A0F1010C99
:1065C0006FF0FF0000EB0E2040EA4C60126A013AC7
:1065D00010430022CFF6FF7202EB03421043C86162
:1065E00016988068B0F5407F1CD1FFE7169A1168B5
:1065F000536A906AD2F82CE001386FF0FF0C0CEB74
:106600000E2C40EA0C00D2F830C06FF00F0202EB03
:106610000C1210430022CFF6FF7202EB034210432C
:10662000C860FFE71698006E48B1FFE7169801684A
:10663000426ED1F8C0001043C1F8C000FFE71699C0
:10664000C86D096E084480B1FFE716980068D0F85D
:10665000C80020F00700169A1168936E01AA52F83C
:1066600023201043C1F8C800FFE71698006C80B1E2
:10667000FFE716980068D0F8BC0020F00700169AD3
:106680001168536C01AA52F823201043C1F8BC00D2
:10669000FFE71698806C88B1FFE716980068D0F87D
:1066A000BC0020F07000169A1168D36C01AA52F851
:1066B000232040EA0210C1F8BC00FFE71698006DE5
:1066C00088B1FFE716980068D0F8BC0020F4E060BD
:1066D000169A1168536D01AA52F8232040EA02204D
:1066E000C1F8BC00FFE7169800684AF20001C4F246
:1066F0000001884207D1FFE716984168886820F0BA
:1067000003008860FFE716990020C1F894001699ED
:10671000C1F89C001699012081F898001698FBF7A3
:106720003BFD8DF853009DF853008DF85F00FFE7A7
:106730009DF85F0018B080BD80B5C2B041900020C8
:1067400040903F903E903D903C900EA8B821F9F7C4
:1067500023FE419800684AF20001C4F20001884219
:1067600055D1FFE700200F904FF400400E904FF0FE
:10677000805029900EA802F023FA18B1FFE7FBF72A
:106780001FFCFFE740F6B830C2F20040016801315B
:1067900001600068012810D1FFE7FFE744F2EC40F8
:1067A000C5F60200016841F480710160006800F4E0
:1067B00080700D900D98FFE7FFE7FFE744F2E0409F
:1067C000C5F60200016841F008010160006800F0B0
:1067D00008000C900C98FFE703203C9002203D90AD
:1067E000002006903E903F900920409040F60040E7
:1067F000C5F602003CA900F0B3F9069A13200790F1
:10680000062100F09DFC079800F08EFCBFE0419847
:1068100000684AF20041C4F20001884255D1FFE706
:1068200000200F904FF400400E904FF080502990C0
:106830000EA802F0C5F918B1FFE7FBF7C1FBFFE7AF
:1068400040F6B830C2F200400168013101600068D2
:10685000012810D1FFE7FFE744F2EC40C5F6020043
:10686000016841F480710160006800F480700B9051
:106870000B98FFE7FFE7FFE744F2E040C5F60200B0
:10688000016841F002010160006800F002000A9016
:106890000A98FFE760203C9002203D900020049081
:1068A0003E903F900920409040F20040C5F6020023
:1068B0003CA900F055F9049A14200590052100F038
:1068C0003FFC059800F030FC60E0419800684DF214
:1068D0000041C4F20001884257D1FFE700200F9029
:1068E0004FF400400E904FF0805029900EA802F017
:1068F00067F918B1FFE7FBF763FBFFE740F6B83035
:10690000C2F200400168013101600068012810D125
:10691000FFE7FFE744F2EC40C5F60200016841F4EE
:1069200080710160006800F4807009900998FFE7A9
:10693000FFE7FFE744F2E040C5F60200016841F0DE
:1069400008010160006800F0080008900898FFE75F
:106950004FF440503C9002203D90002002903E9029
:106960003F9005200190409040F60040C5F602009F
:106970003CA900F0F5F80199029A9F20039000F0DD
:10698000DFFB039800F0D0FBFFE7FFE7FFE742B033
:1069900080BD00000000000081B0009001B0704791
:1069A00080B586B0059004919DF81000C007E0B353
:1069B000FFE7059800684AF20001C4F2000188422E
:1069C00014D1FFE742F20810C2F2004003904021C8
:1069D0000291F9F7E1FC0299039B059840F6F03229
:1069E000C2F20042FFF740F8FFE71DE0059800689B
:1069F0004DF20041C4F20001884214D1FFE742F297
:106A00008810C2F20040019040210091F9F7C4FCC7
:106A10000099019B059840F64042C2F20042FFF700
:106A200023F8FFE7FFE7FFE7FFE706B080BD0000C0
:106A300080B584B0039002919DF80800C00600283C
:106A40001DD5FFE7039800684AF20041C4F2000137
:106A5000884213D1FFE742F24810C2F20040019091
:106A60004021F9F799FC019B039840F61842C2F2C5
:106A700000424121FEF7F8FFFFE7FFE7FFE704B020
:106A800080BD00000000000082B00090009890F8E7
:106A90009800012811D1FFE70099022081F89800A1
:106AA00000980168886920F0010088610099002041
:106AB000C1F89C008DF807000AE00099D1F89C000D
:106AC00040F00400C1F89C0001208DF80700FFE7AA
:106AD0009DF8070002B0704782B00190009102B0AB
:106AE000704700000000000082B00190009102B0E9
:106AF000704700000000000083B0029001910092F6
:106B000003B070470000000082B00190009102B015
:106B1000704700000000000081B0009001B0704795
:106B200081B0009001B0704782B00190009102B036
:106B3000704700000000000082B00190009102B098
:106B4000704700000000000082B00190009102B088
:106B5000704700000000000081B0009001B0704755
:106B60008FB00E900D9100200C908020C5F6000093
:106B70000990FFE70D9800680C99C840002800F0C4
:106B8000C181FFE70D9800680C9A012191400840EF
:106B90000B900B98002800F0B181FFE70D9840683A
:106BA00000F00300012807D0FFE70D98406800F0CF
:106BB000030002282FD1FFE70E9880680A900C98F6
:106BC0004100032000FA01F10A9888430A900D98C9
:106BD000C0680C99490000FA01F10A9808430A902C
:106BE0000A980E9988600E9840680A900C990120C6
:106BF00000FA01F10A9888430A900D984068C0F3A2
:106C000000100C9900FA01F10A9808430A900A98BA
:106C10000E994860FFE70D98406800F003000328D4
:106C200018D0FFE70E98C0680A900C984100032026
:106C300000FA01F10A9888430A900D9880680C992F
:106C4000490000FA01F10A9808430A900A980E993F
:106C5000C860FFE70D98406800F00300022826D1C5
:106C6000FFE70E980C996FF0030202EA5101084405
:106C7000006A0A900C9800F0070081000F2000FACB
:106C800001F10A9888430A900D9800690C9901F067
:106C90000701890000FA01F10A9808430A900A984E
:106CA0000E990C9B02EA530211440862FFE70E980A
:106CB00000680A900C984100032000FA01F10A983C
:106CC00088430A900D98406800F003000C99490031
:106CD00000FA01F10A9808430A900A980E99086090
:106CE0000D9880798007002800F00781FFE7FFE713
:106CF00044F2F440C5F60200016841F0020101606F
:106D0000006800F0020008900898FFE70C9820F057
:106D1000030040F20841C5F6000140580A900C9863
:106D200000F0030081000F2000FA01F10A98884367
:106D30000A900E980021C5F60201884203D1FFE7B0
:106D4000002007906CE00E9840F20041C5F6020169
:106D5000884203D1FFE7012006905EE00E9840F6DE
:106D60000001C5F60201884203D1FFE70220059029
:106D700050E00E9840F60041C5F60201884203D16A
:106D8000FFE70320049042E00E9841F20001C5F6AF
:106D90000201884203D1FFE70420039034E00E98FB
:106DA00041F20041C5F60201884203D1FFE7052008
:106DB000029026E00E9841F60001C5F602018842D5
:106DC00003D1FFE70620019018E00E9841F600413C
:106DD000C5F60201884203D1FFE7072000900AE0D0
:106DE0000E9942F20042C5F602020A20914208BF03
:106DF00009200090FFE700980190FFE701980290BA
:106E0000FFE702980390FFE703980490FFE70498D8
:106E10000590FFE705980690FFE706980790FFE7C3
:106E200007980C9901F00301890000FA01F10A9812
:106E300008430A900A980C9921F0030140F2084295
:106E4000C5F6000288504FF0B04000680A900B99D8
:106E50000A9888430A900D988079C006002805D5C5
:106E6000FFE70B990A9808430A90FFE70A984FF04A
:106E7000B04108600420C5F6000000680A900B9934
:106E80000A9888430A900D9880798006002805D5D5
:106E9000FFE70B990A9808430A90FFE70A98042134
:106EA000C5F600010860099840680A900B990A9895
:106EB00088430A900D9880798007002805D5FFE760
:106EC0000B990A9808430A90FFE70A9809994860C5
:106ED000099800680A900B990A9888430A900D98BF
:106EE0008079C00728B1FFE70B990A9808430A90F8
:106EF000FFE70A9809990860FFE7FFE70C9801305F
:106F00000C9037E60FB0704782B00190ADF80210D8
:106F100001980069BDF80210084204D0FFE7012083
:106F20008DF8010003E000208DF80100FFE79DF8D7
:106F3000010002B07047000082B00190ADF802106D
:106F40008DF801209DF8010028B1FFE7BDF802008F
:106F50000199886105E0BDF802000004019988618B
:106F6000FFE702B0704700004AF66420C2F200401A
:106F7000006870470000000040F60030C2F2004098
:106F800002784AF66421C2F20041086810440860A1
:106F9000704700000000000080B582B0032000F0C0
:106FA000E7F803F0E9F844F21842C5F60202116866
:106FB000C1F3032348F2FC11C0F60101CB5C03F0DE
:106FC0001F03D84000900098126802F00F02895CFD
:106FD00001F01F01C84040F6F811C2F200410860FC
:106FE000009840F6F411C2F2004108600F2000F052
:106FF00013F820B1FFE701208DF8070005E000F04D
:1070000077F800208DF80700FFE79DF8070002B031
:1070100080BD00000000000080B590B00E900E987A
:107020000F2810D8FFE70E991C200090002200F0D6
:1070300087F8009800F078F80E9840F60431C2F214
:107040000041086003E001208DF83F004CE0FFE7BD
:1070500044F2E840C5F60200016841F00101016018
:10706000006800F0010001900198FFE706A802A95E
:1070700002F0EAFF0B980490049820B9FFE703F0B0
:1070800053F8059004E003F04FF840000590FFE747
:1070900005984DF68361C4F21B31A0FB01014FF04E
:1070A000FF3000EB9140039042F66C70C2F200405A
:1070B0004FF08041016040F2E731C16003994160C7
:1070C00000210161816004F087FE48B9FFE742F6C4
:1070D0006C70C2F2004004F0D7FE8DF83F0003E070
:1070E00001208DF83F00FFE79DF83F0010B080BD04
:1070F00080B582B0FFE744F2F440C5F602000168B3
:1071000041F002010160006800F002000190019866
:10711000FFE76FF001000F21002200F011F802B02C
:1071200080BD00000000000080B582B0ADF8060010
:10713000BDF906000FF098FB02B080BD0000000012
:1071400080B586B0ADF81600049103920FF0A4FB51
:107150000290BDF91600019002980499039A06F076
:10716000DBFD014601980FF09FFB06B080BD0000DB
:1071700080B582B0019001980FF0BAFB02B080BDDB
:1071800082B0019001980068009001990120C1F837
:1071900000050199002081F8F404009A916941F0FA
:1071A00000619161009A516D0323C1F200031943FC
:1071B000516502B07047000082B001908DF8031055
:1071C00002B070470000000082B00190ADF80210DC
:1071D000BDF80200019909684862002002B07047BA
:1071E00084B003908DF80B10ADF808200398006868
:1071F000406A00909DF80B0048B9FFE7BDF8081001
:10720000009840EA014003990968886233E00398D6
:107210000068816A009800EB1140009000208DF812
:107220000700FFE79DF807009DF80B100139884221
:1072300013D2FFE7039800689DF8071000EB810068
:10724000D0F80411009800EB11400090FFE79DF882
:10725000070001308DF80700E4E7BDF8081000983A
:1072600040EA0140039909689DF80B2001EB820177
:10727000C1F80001FFE7002004B0704700000000E3
:1072800080B582B001900198D0F808050BF058FC49
:1072900002B080BD0000000080B582B001908DF882
:1072A0000310019AD2F808059DF8031001EBC10301
:1072B00002EB8302926C0BF09FFA02B080BD0000DB
:1072C00080B582B001908DF80310019AD2F80805BC
:1072D0009DF8031001EBC10302EB8302D2F8882270
:1072E0000BF052FB02B080BD80B582B001900198D6
:1072F000D0F808050BF02CFC02B080BD00000000A7
:1073000080B584B003908DF80B109DF80B0000063B
:1073100000280CD5FFE703989DF80B1001F00F0132
:1073200001EBC10100EB81003C3001900CE00398BF
:107330009DF80B1001F00F0101EBC10100EB810082
:1073400000F51F700190FFE70398006801990DF0A8
:10735000E3F98DF80A009DF80A0004B080BD000032
:1073600080B584B002908DF807109DF807000006E4
:1073700000280FD5FFE702989DF8071001F00F01D4
:1073800001EBC10100EB81003C300090009901202D
:1073900048700FE002989DF8071001F00F0101EB13
:1073A000C10100EB810000F51F70009000990020E2
:1073B0004870FFE79DF8070000F00F000099087083
:1073C000FFE7029890F8BC04012804D1FFE70220EF
:1073D0008DF80F0014E00299012081F8BC04FFE74A
:1073E000FFE70298006800990CF072FCFFE7029931
:1073F000002081F8BC04FFE700208DF80F00FFE7B4
:107400009DF80F0004B080BD80B584B002908DF867
:1074100007109DF8070000F00F00029949688842A4
:1074200004D9FFE701208DF80F004DE09DF807001B
:10743000000600280FD5FFE702989DF8071001F01D
:107440000F0101EBC10100EB81003C30009000997D
:10745000012048700FE002989DF8071001F00F011D
:1074600001EBC10100EB810000F51F700090009955
:1074700000204870FFE70099002088709DF8070001
:1074800000F00F0000990870FFE7029890F8BC0424
:10749000012804D1FFE702208DF80F0014E00299C3
:1074A000012081F8BC04FFE7FFE70298006800991B
:1074B0000CF09AFEFFE70299002081F8BC04FFE778
:1074C00000208DF80F00FFE79DF80F0004B080BD8D
:1074D00082B001908DF8031001989DF8031001F01F
:1074E0000F0101EBC10100EB8100D0F8900202B066
:1074F000704700000000000080B586B004908DF851
:107500000F10ADF80C208DF80B3000208DF80A001C
:107510009DF80F00000600280FD5FFE704989DF89E
:107520000F1001F00F0101EBC10100EB81003C30B5
:1075300001900199012048700FE004989DF80F1008
:1075400001F00F0101EBC10100EB810000F51F709C
:107550000190019900204870FFE79DF80F0000F0AE
:107560000F0001990870BDF80C00019988609DF822
:107570000B00019908710198407820B1FFE701994B
:1075800008784883FFE79DF80B00022804D1FFE745
:10759000019900204871FFE7FFE7049890F8BC04C8
:1075A000012804D1FFE702208DF8170015E00499A7
:1075B000012081F8BC04FFE7FFE704980068019907
:1075C0000CF02EFAFFE70499002081F8BC04FFE7D5
:1075D0009DF80A008DF81700FFE79DF8170006B028
:1075E00080BD00000000000080B586B005908DF8D9
:1075F00013100392029305989DF8131001F00F01E8
:1076000001EBC10100EB810000F51F7001900398B0
:107610000199C860029801990861019900204861A8
:10762000019948709DF8130000F00F00019908704F
:107630000598C068012804D1FFE703980199C86143
:10764000FFE7059A10680199127B0CF071FE00208B
:1076500006B080BD0000000080B584B002908DF8B7
:1076600007109DF8070000F00F0002994968884252
:1076700004D9FFE701208DF80F0058E09DF80700BE
:10768000000600280FD5FFE702989DF8071001F0CB
:107690000F0101EBC10100EB81003C30009000992B
:1076A000012048700DE002989DF8071001EBC10120
:1076B00000EB810000F51F700090009900204870D9
:1076C000FFE70099012088709DF8070000F00F0087
:1076D00000990870FFE7029890F8BC04012804D1D3
:1076E000FFE702208DF80F0021E00299012081F8C8
:1076F000BC04FFE7FFE70298006800990CF0C4FDA6
:107700009DF80700000740B9FFE7029A1068117B57
:1077100002F2C4420CF018FDFFE7FFE702990020D7
:1077200081F8BC04FFE700208DF80F00FFE79DF80B
:107730000F0004B080BD000080B586B005908DF8C4
:1077400013100392029305989DF8131001F00F0196
:1077500001EBC10100EB81003C30019003980199DD
:10776000C860029801990861019900204861019957
:10777000012048709DF8130000F00F000199087077
:107780000598C068012804D1FFE703980199C861F2
:10779000FFE7059A10680199127B0CF0C9FD0020E3
:1077A00006B080BD0000000080B58CB00B900B9837
:1077B00000680A900A9809900B9800680DF0F4F898
:1077C000002840F03584FFE70B9800680DF05CF965
:1077D00010B9FFE700F02CBC0998D0F80808C0F3F6
:1077E0000D200B99C1F8FC040B9800680DF04CF9C2
:1077F0008007002807D5FFE70B980168486900F06B
:1078000002004861FFE70B9800680DF03DF9C006E3
:10781000002862D5FFE70B980168886920F0100006
:1078200088610A98006A02900B98029901F00F0192
:1078300001EBC10100EB810000F51F700890029878
:1078400000F4F0110220B0EB514F23D1FFE7BDF857
:10785000080047F6F07108421BD0FFE70A98089924
:10786000C968029AC2F30A120DF01EF9029847F68F
:10787000F07100EA0103089AD06800EB1310D060A1
:10788000029800EA01020899486900EB1210486169
:10789000FFE71BE0029800F4F0110620B0EB514F17
:1078A00012D1FFE70A980B9901F2C44108220DF0AA
:1078B000FBF8029847F6F07100EA0102089948695E
:1078C00000EB1210486100E0FFE7FFE70B9801684A
:1078D000886940F010008861FFE70B9800680DF0A0
:1078E000D3F80003002840F1A680FFE700200490B1
:1078F0000B9800680DF074F80690FFE706980028D2
:1079000000F09880FFE79DF81800C007002800F0FD
:107910008A80FFE70B9800689DF810100DF09CF826
:1079200005909DF81400C00760B1FFE7099804991D
:1079300000EB41110120C1F8080B0B98049906F0E7
:1079400073FAFFE79DF81400000700280CD5FFE745
:107950000998049900EB41110820C1F8080B0B9815
:10796000049906F019FAFFE79DF81400C0060028F4
:1079700008D5FFE70998049900EB41111020C1F8E0
:10798000080BFFE79DF81400800700282DD5FFE7BE
:107990000A9840690006002808D5FFE70999D1F840
:1079A000040840F48060C1F80408FFE70B980499CC
:1079B00001EBC10100EB810000F51F7008900898F1
:1079C000C078012809D1FFE708990020C8700B98FA
:1079D0009DF8101000F040FBFFE70998049900EBB8
:1079E00041110220C1F8080BFFE79DF81400800642
:1079F000002808D5FFE70998049900EB41112020E1
:107A0000C1F8080BFFE79DF815008006002809D58E
:107A1000FFE70998049900EB41114FF40050C1F8B9
:107A2000080BFFE7FFE70498013004900698400830
:107A3000069063E7FFE70B9800680DF025F8400318
:107A4000002840F1C680FFE70B9800680CF0B4FFF7
:107A5000069000200490FFE70698002800F0B88008
:107A6000FFE79DF81800C007002800F0AA80FFE794
:107A70000B9800689DF810100CF0C6FF05909DF85B
:107A80001400C00700283ED0FFE7049800F00F0163
:107A9000012000FA01F10391039B099AD2F83418EE
:107AA0009943C2F834180999049A01EB4211C1F8BC
:107AB00008090B98C06801281FD1FFE70B980499AB
:107AC00001EBC10100EB81014A6C886C10448864B1
:107AD000049888B9FFE70B98049901EBC10100EB0A
:107AE0008100C06C40B9FFE70B99086801F2C442FD
:107AF00001210CF029FBFFE7FFE70B989DF8101020
:107B0000FFF7CAFBFFE79DF814000007002808D51F
:107B1000FFE70998049900EB41110820C1F8080912
:107B2000FFE79DF81400C006002808D5FFE7099874
:107B3000049900EB41111020C1F80809FFE79DF8F6
:107B400014004006002808D5FFE70998049900EBC7
:107B500041114020C1F80809FFE79DF81400800793
:107B6000002822D5FFE70A9804990CF0B1FE0B9883
:107B7000049901EBC10100EB81003C3008900898AA
:107B8000C078012809D1FFE708990020C8700B9838
:107B90009DF8101000F050FAFFE70998049900EBE7
:107BA00041110220C1F80809FFE79DF81400000602
:107BB000002805D5FFE70B98049906F019FAFFE7AE
:107BC000FFE704980130049006984008069043E7C8
:107BD000FFE70B9800680CF057FFC00F00B3FFE7FA
:107BE0000999D1F8040820F00100C1F804080B98A5
:107BF00090F8F404012808D1FFE70B98002180F8E1
:107C0000F4140B98FFF7D8FA03E00B9800F000FC8F
:107C1000FFE70B980168486900F000404861FFE702
:107C20000B9800680CF030FF0005002811D5FFE725
:107C30000998D0F80808C00720B1FFE70B9800F0BA
:107C40007BFCFFE70B980168486900F4006048611D
:107C5000FFE70B9800680CF017FF0001002820D503
:107C6000FFE70B980168486900F0006048610B98D5
:107C700090F8F40480B9FFE70B98012180F8F41420
:107C80000B980068406DC0F383000B9AC2F8F804AB
:107C90000B98FFF791FA03E00B9800F04DFCFFE71B
:107CA000FFE70B9800680CF0EFFEC004002840F1DD
:107CB0008680FFE70999D1F8040820F00100C1F897
:107CC00004080B98006810210CF002FE00200790B9
:107CD000FFE707980B994968884231D2FFE7099876
:107CE000079900EB41114FF67F30C1F80809099957
:107CF000079A01EB4212D2F8001921F40011C2F8E0
:107D000000190999079A01EB4211C1F8080B09986B
:107D1000079900EB4111D1F8000B20F40010C1F8D5
:107D2000000B0998079900EB4111D1F8000B40F0C6
:107D30000060C1F8000BFFE7079801300790C8E723
:107D40000999D1F81C0840F00110C1F81C080B98E3
:107D5000006B78B1FFE70999D1F8840840F00B0077
:107D6000C1F884080999D1F8440840F00B00C1F823
:107D700044080FE00999D1F8140842F22B0210438D
:107D8000C1F814080999D1F8100840F00B00C1F8A7
:107D90001008FFE70999D1F8000820F4FE60C1F847
:107DA00000080B9A1068117B02F2C4420CF0CCF967
:107DB0000B980168486900F480504861FFE70B9810
:107DC00000680CF061FE800400281FD5FFE70B98C7
:107DD00000680BF095FE0B9800680CF0BDFD0B9948
:107DE00008610B980068019002F072F90146019851
:107DF0000B9A127C0CF098FF0B9800F0DDFA0B98B0
:107E00000168486900F400504861FFE70B9800687A
:107E10000CF03AFE000700280AD5FFE70B9800F0A7
:107E200003FB0B980168486900F008004861FFE710
:107E30000B9800680CF028FE0006002825D5FFE707
:107E40000A99886920F08000886101200490FFE78A
:107E500004980B994968884216D2FFE70B98049959
:107E600001EBC10100EB810090F87F02012806D1EF
:107E7000FFE70B989DF81010FFF742FAFFE7FFE7C6
:107E8000049801300490E3E7FFE70B9800680CF0DA
:107E9000FBFDC00200283ED5FFE701200490FFE76C
:107EA00004980B99496888422ED2FFE709980499F3
:107EB00000EB4110D0F8000902900B98049901EBF7
:107EC000C10100EB810090F84000012817D1FFE7C5
:107ED0009DF80B000006002811D5FFE70B980499C8
:107EE00001EBC10100EB8101012081F83F000B98FB
:107EF0009DF8101041F08001FFF702FAFFE7FFE75D
:107F0000049801300490CBE70B980168486900F4AD
:107F100080104861FFE70B9800680CF0B5FD800207
:107F2000002855D5FFE701200490FFE704980B993E
:107F30004968884245D2FFE70998049900EB41104F
:107F4000D0F8000B02900B98049901EBC10100EBF3
:107F5000810090F8800201282ED1FFE79DF80B00E8
:107F60000006002828D5FFE7029800F480300B991E
:107F7000D1F8FC1401F0010188421DD1FFE70B98F4
:107F8000049901EBC10100EB8101012081F87F021E
:107F90000A99886940F0800088610A984069000663
:107FA000002808D4FFE70999D1F8040840F40070CC
:107FB000C1F8040805E0FFE7FFE7049801300490EA
:107FC000B4E70B980168486900F400104861FFE7C6
:107FD0000B9800680CF058FD400000280AD5FFE718
:107FE0000B98FFF74DF90B980168486900F0804045
:107FF0004861FFE70B9800680CF046FD4007002839
:1080000015D5FFE70B980068406802909DF80800BE
:108010004007002804D5FFE70B98FFF765F9FFE755
:10802000029A0B980168486810434860FFE7FFE731
:108030000CB080BD0000000080B582B001908DF8CA
:1080400003100198D0F808059DF803100AF024FEEB
:1080500002B080BD0000000080B582B001908DF8B4
:1080600003100198D0F808059DF803100AF04CFEA3
:1080700002B080BD000000002DE9F04F95B01390D4
:10808000139820B9FFE701208DF8530051E11398B0
:1080900000681290139890F8BD0440B9FFE7139957
:1080A000002081F8BC04139800F04AF9FFE7139907
:1080B000032081F8BD041298C06BC005002804D4C9
:1080C000FFE713990020C860FFE7139800680CF0E1
:1080D0002FF813980E9001680F9141688268C36869
:1080E000D0F810C044698569C669076AD0F8248051
:1080F000D0F82890D0F82CA0D0F830B0D0F834E0E8
:1081000068461090C0F824E00F98DDF840E0CEF803
:1081100020B0CEF81CA0CEF81890CEF81480CEF87F
:108120001070CEF80C60CEF80850CEF80440CEF8AF
:1081300000C00BF0FDFC40B1FFE71399022081F86D
:10814000BD0401208DF85300F3E01398006800216E
:108150000D910CF049FD0D988DF84700FFE79DF853
:10816000470013994968884245D2FFE713989DF864
:10817000471001EBC10100EB8101012081F83D00B6
:108180009DF84700139900EBC00201EB820181F8D2
:108190003C009DF84700139900EBC00201EB8201FF
:1081A000A1F8560013989DF8471001EBC10100EBB0
:1081B0008101002081F8400013999DF8472002EBCF
:1081C000C20201EB8201486413999DF8472002EB3B
:1081D000C20201EB8201886413999DF8472002EBEB
:1081E000C20201EB8201C864FFE79DF8470001303D
:1081F0008DF84700B3E700208DF84700FFE79DF8B2
:1082000047001399496888423ED2FFE713989DF8CA
:10821000471001EBC10100EB8101002081F87D02D4
:108220009DF84710139A01EBC10302EB830282F819
:108230007C1213999DF8472002EBC20201EB8201E8
:1082400081F8800213999DF8472002EBC20201EBEE
:108250008201C1F8840213999DF8472002EBC20203
:1082600001EB8201C1F8880213999DF8472002EBC7
:10827000C20201EB8201C1F88C02FFE79DF84700C2
:1082800001308DF84700BAE713980A9001680B9106
:1082900041688268C368D0F810C044698569C669BE
:1082A000076AD0F82480D0F82890D0F82CA0D0F815
:1082B00030B0D0F834E068460C90C0F824E00B9859
:1082C000DDF830E0CEF820B0CEF81CA0CEF8189043
:1082D000CEF81480CEF81070CEF80C60CEF80850AE
:1082E000CEF80440CEF800C00BF0C6FD40B1FFE769
:1082F0001399022081F8BD0401208DF8530018E085
:108300001399002081F838001399012081F8BD04E9
:108310001398406A012804D1FFE71398FEF730FF55
:10832000FFE7139800680BF08FFD00208DF85300D5
:10833000FFE79DF8530015B0BDE8F08F0000000086
:1083400080B5B2B0319002A8B821F8F725F831987D
:1083500000680021C4F2040188422BD1FFE700200D
:1083600003904FF4802002904FF44010239002A815
:1083700000F026FC18B1FFE7F9F722FEFFE700F056
:108380004FF9FFE744F2D840C5F60200016841F01A
:1083900000710160006800F0007001900198FFE733
:1083A0004D20009005210022FEF7CAFE0098FEF73E
:1083B000BBFEFFE732B080BD80B582B001900120E6
:1083C0008DF803000198006920B9FFE700208DF8BF
:1083D00003000CE001980069022804D1FFE70120A6
:1083E0008DF8030002E0F9F7EBFDFFE7FFE70198E6
:1083F000D0F808059DF803100AF08EFD0198D0F81A
:1084000008050AF005FD02B080BD00000000000074
:1084100080B582B001900198D0F808050AF048FDB7
:1084200002B080BD0000000080B582B001900198CC
:10843000D0F808050AF050FD02B080BD0000000031
:1084400080B584B002908DF80710FFE7029890F88D
:10845000BC04012804D1FFE702208DF80F001AE0C8
:108460000299012081F8BC04FFE7FFE79DF80700AF
:10847000029981F83800029800689DF807100CF006
:1084800023FCFFE70299002081F8BC04FFE70020ED
:108490008DF80F00FFE79DF80F0004B080BD0000CD
:1084A00080B582B001900199D1F8080501F2C4416C
:1084B0000AF05EFD02B080BD80B584B002900298E3
:1084C00000680190FFE7029890F8BC04012804D1ED
:1084D000FFE702208DF80F0028E00299012081F8C3
:1084E000BC04FFE7FFE70198C06BC00500280BD470
:1084F000FFE70298806A012806D1FFE70199886B9F
:1085000040F480308863FFE7029800680CF094F92B
:10851000029800680BF080FCFFE70299002081F8C8
:10852000BC04FFE700208DF80F00FFE79DF80F0067
:1085300004B080BD0000000080B582B001900198B9
:10854000D0F808050AF09CFD01980168D1F8000EEA
:1085500040F00100C1F8000E0198006A48B1FFE741
:108560004EF61051CEF20001086840F00600086097
:10857000FFE702B080BD000080B584B0029044F6F1
:108580000C00C5F60200006800F004010020B0EB0A
:10859000910F13D1FFE744F60C00C5F60200006806
:1085A00000F007000299884204D0FFE701208DF80F
:1085B0000F002EE000208DF80F002AE044F60C0199
:1085C000C5F60201086820F00700029A104308600F
:1085D000FEF7CAFC0190FFE744F60400C5F602006E
:1085E000006800F400510020B0EB513F0DD1FFE7CF
:1085F000FEF7BAFC0199401AB0F57A7F04D9FFE77B
:1086000001208DF80F0004E0E6E700208DF80F0050
:10861000FFE79DF80F0004B080BD000000000000DF
:1086200044F60C01C5F60201086840F0807008604D
:10863000704700000000000080B501F049FD44F2E1
:108640002041C5F602010968C1F3021248F2FC118B
:10865000C0F60101895C01F01F01C84080BD000027
:1086600088B0079044F22840C5F60200016801F086
:10867000030106910068C0F30530059044F22C40D8
:10868000C5F602000068C0F300100490049844F29C
:108690003C41C5F60201096889B2C908484300EEA9
:1086A000100AB8EE400A8DED020A0598002800F085
:1086B0001B81FFE70698009048B1FFE7009801286A
:1086C00069D0FFE70098022800F08980ABE044F20F
:1086D0000040C5F60200006800F020010020B0EB69
:1086E000511F33D0FFE744F20040C5F60200006896
:1086F000C0F3C10149F20000C0F2D030C84003907D
:108700009DED030AB8EE400A9DED051AB8EE411A38
:1087100080EE010A44F23840C5F6020000686FF3AB
:108720005F2001EE100AB8EE411A9DED022A9FED7E
:10873000743A82EE032A31EE021AB7EE002A31EEC5
:10874000021A20EE010A8DED010A23E09DED050AD3
:10875000B8EE401A9FED6C0A80EE010A44F23840F0
:10876000C5F6020000686FF35F2001EE100AB8EE54
:10877000411A9DED022A9FED623A82EE032A31EE04
:10878000021AB7EE002A31EE021A20EE010A8DED30
:10879000010AFFE76BE09DED050AB8EE401A9FED78
:1087A000590A80EE010A44F23840C5F6020000681A
:1087B0006FF35F2001EE100AB8EE411A9DED022A18
:1087C0009FED4F3A82EE032A31EE021AB7EE002AED
:1087D00031EE021A20EE010A8DED010A47E09DED0F
:1087E000050AB8EE401A9FED450A80EE010A44F2F0
:1087F0003840C5F6020000686FF35F2001EE100AF2
:10880000B8EE411A9DED022A9FED3D3A82EE032A11
:1088100031EE021AB7EE002A31EE021A20EE010AFA
:108820008DED010A23E09DED050AB8EE401A9FED9B
:10883000350A80EE010A44F23840C5F602000068AD
:108840006FF35F2001EE100AB8EE411A9DED022A87
:108850009FED2B3A82EE032A31EE021AB7EE002A80
:1088600031EE021A20EE010A8DED010AFFE79DEDBF
:10887000010A44F23840C5F60200016889B2490A8B
:1088800001EE101AB8EE411AB7EE002A31EE021AC4
:1088900080EE010A0799BCEEC00A81ED000A9DED49
:1088A000010A0168C1F3064101EE101AB8EE411A3F
:1088B00031EE021A80EE010A0799BCEEC00A81ED82
:1088C000010A9DED010A0068C0F3066001EE100A7E
:1088D000B8EE411A31EE021A80EE010A0798BCEE9A
:1088E000C00A80ED020A07E0079900200860079996
:1088F000486007998860FFE708B07047001BB74BD6
:10890000000000460024744A0024744C000000005B
:1089100088B0079044F22840C5F60200016801F0D3
:10892000030106910068C0F30550059044F22C4005
:10893000C5F602000068C0F300200490049844F2D9
:108940004441C5F60201096889B2C908484300EEEE
:10895000100AB8EE400A8DED020A0598002800F0D2
:108960001B81FFE70698009048B1FFE700980128B7
:1089700069D0FFE70098022800F08980ABE044F25C
:108980000040C5F60200006800F020010020B0EBB6
:10899000511F33D0FFE744F20040C5F602000068E3
:1089A000C0F3C10149F20000C0F2D030C8400390CA
:1089B0009DED030AB8EE400A9DED051AB8EE411A86
:1089C00080EE010A44F24040C5F6020000686FF3F1
:1089D0005F2001EE100AB8EE411A9DED022A9FEDCC
:1089E000743A82EE032A31EE021AB7EE002A31EE13
:1089F000021A20EE010A8DED010A23E09DED050A21
:108A0000B8EE401A9FED6C0A80EE010A44F2404035
:108A1000C5F6020000686FF35F2001EE100AB8EEA1
:108A2000411A9DED022A9FED623A82EE032A31EE51
:108A3000021AB7EE002A31EE021A20EE010A8DED7D
:108A4000010AFFE76BE09DED050AB8EE401A9FEDC5
:108A5000590A80EE010A44F24040C5F6020000685F
:108A60006FF35F2001EE100AB8EE411A9DED022A65
:108A70009FED4F3A82EE032A31EE021AB7EE002A3A
:108A800031EE021A20EE010A8DED010A47E09DED5C
:108A9000050AB8EE401A9FED450A80EE010A44F23D
:108AA0004040C5F6020000686FF35F2001EE100A37
:108AB000B8EE411A9DED022A9FED3D3A82EE032A5F
:108AC00031EE021AB7EE002A31EE021A20EE010A48
:108AD0008DED010A23E09DED050AB8EE401A9FEDE9
:108AE000350A80EE010A44F24040C5F602000068F3
:108AF0006FF35F2001EE100AB8EE411A9DED022AD5
:108B00009FED2B3A82EE032A31EE021AB7EE002ACD
:108B100031EE021A20EE010A8DED010AFFE79DED0C
:108B2000010A44F24040C5F60200016889B2490AD0
:108B300001EE101AB8EE411AB7EE002A31EE021A11
:108B400080EE010A0799BCEEC00A81ED000A9DED96
:108B5000010A0168C1F3064101EE101AB8EE411A8C
:108B600031EE021A80EE010A0799BCEEC00A81EDCF
:108B7000010A9DED010A0068C0F3066001EE100ACB
:108B8000B8EE411A31EE021A80EE010A0798BCEEE7
:108B9000C00A80ED020A07E00799002008600799E3
:108BA000486007998860FFE708B07047001BB74B23
:108BB000000000460024744A0024744C00000000A9
:108BC00080B59AB0189000208DF857008DF85600A7
:108BD0001898C0780007002848D5FFE71898406E1D
:108BE000149078B1FFE71498B0F5801F13D0FFE719
:108BF0001498B0F5001F16D0FFE71498B0F5401F89
:108C000019D019E044F22C41C5F60201086840F47D
:108C10000030086014E018980830022105F04CFD7F
:108C20008DF857000CE018982830022105F02CFE32
:108C30008DF8570004E003E001208DF85700FFE7AE
:108C40009DF8570060B9FFE744F25041C5F60201B4
:108C5000086820F44010189A526E1043086004E02F
:108C60009DF857008DF85600FFE7FFE71898407809
:108C7000C007002840D0FFE71898806D13900428A3
:108C800020D81399DFE801F0030C141C1D0044F2F6
:108C90002C41C5F60201086840F40030086015E078
:108CA00018980830002105F007FD8DF857000DE0F9
:108CB00018982830002105F0E7FD8DF8570005E0F1
:108CC00004E003E001208DF85700FFE79DF857000E
:108CD00060B9FFE744F25041C5F60201086820F090
:108CE0000700189A926D1043086004E09DF8570041
:108CF0008DF85600FFE7FFE71898407840070028F6
:108D000056D5FFE71898D0F8A4001290C8B1FFE735
:108D10001298B0F5001F1DD0FFE71298B0F5800F34
:108D200020D0FFE71298B0F5C00F23D0FFE71298CC
:108D3000B0F5000F1FD0FFE71298B0F5200F1BD041
:108D40001BE044F22C41C5F60201086840F40030F3
:108D5000086016E018980830002105F0ADFC8DF889
:108D600057000EE018982830002105F08DFD8DF891
:108D7000570006E005E004E003E001208DF857000D
:108D8000FFE79DF8570068B9FFE744F25841C5F680
:108D90000201086820F46000189AD2F8A420104359
:108DA000086004E09DF857008DF85600FFE7FFE7E4
:108DB000189840780007002856D5FFE71898D0F893
:108DC000A8001190C8B1FFE71198B0F1807F1DD0C5
:108DD000FFE71198B0F1007F20D0FFE71198B0F1C4
:108DE000407F23D0FFE71198B0F1806F1FD0FFE7DD
:108DF0001198B0F1A06F1BD01BE044F22C41C5F6D6
:108E00000201086840F40030086016E01898083045
:108E1000002105F051FC8DF857000EE0189828301D
:108E2000002105F031FD8DF8570006E005E004E073
:108E300003E001208DF85700FFE79DF8570068B95F
:108E4000FFE744F25841C5F60201086820F0E060EF
:108E5000189AD2F8A8201043086004E09DF8570043
:108E60008DF85600FFE7FFE71898C07880070028C4
:108E70003ED5FFE71898C06C1090F0B1FFE710984E
:108E8000102808D0FFE7109820280DD0FFE7109891
:108E9000302811D012E044F22C41C5F602010868D6
:108EA00040F4003008600DE018980830022105F009
:108EB00003FC8DF8570005E004E003E001208DF885
:108EC0005700FFE79DF8570060B9FFE744F24C41B7
:108ED000C5F60201086820F03000189AD26C1043E1
:108EE000086004E09DF857008DF85600FFE7FFE7A3
:108EF00018984078C00600284ED5FFE71898C06D36
:108F00000F90A0B1FFE70F98B0F5805F18D0FFE792
:108F10000F98B0F5005F1BD0FFE70F98B0F5405FEA
:108F20001ED0FFE70F98B0F5804F1AD01AE044F238
:108F30002C41C5F60201086840F40030086015E0D5
:108F400018980830002105F0B7FB8DF857000DE0A8
:108F500018982830002105F097FC8DF8570005E09F
:108F600004E003E001208DF85700FFE79DF857006B
:108F700060B9FFE744F25041C5F60201086820F4E9
:108F8000E040189AD26D1043086004E09DF8570045
:108F90008DF85600FFE7FFE7189840788006002814
:108FA0004CD5FFE71898006E0E90C8B1FFE70E98F9
:108FB000B0F5803F15D0FFE70E98B0F5003F18D010
:108FC000FFE70E98B0F5403F1BD0FFE70E98B0F5D5
:108FD000802F17D0FFE70E98B0F5A02F13D013E025
:108FE00016E018980830012105F066FB8DF857004F
:108FF0000EE018982830012105F046FC8DF8570046
:1090000006E005E004E003E001208DF85700FFE7EB
:109010009DF8570060B9FFE744F25041C5F60201E0
:10902000086820F4E020189A126E1043086004E0EB
:109030009DF857008DF85600FFE7FFE71898407835
:10904000400600284ED5FFE71898D0F8AC000D90E8
:10905000C8B1FFE70D98B0F1805F15D0FFE70D981C
:10906000B0F1005F18D0FFE70D98B0F1405F1BD062
:10907000FFE70D98B0F1804F17D0FFE70D98B0F1E2
:10908000A04F13D013E016E018980830012105F026
:1090900013FB8DF857000EE018982830012105F0D9
:1090A000F3FB8DF8570006E005E004E003E0012043
:1090B0008DF85700FFE79DF8570068B9FFE744F2C5
:1090C0005841C5F60201086820F0E040189AD2F82D
:1090D000AC201043086004E09DF857008DF856005E
:1090E000FFE7FFE718984078000600283BD5FFE728
:1090F0001898C06E0C90D8B1FFE70C98B0F1805F63
:1091000005D0FFE70C98B0F1005F09D011E044F200
:109110002C41C5F60201086840F4003008600CE0FC
:1091200018980830012105F0C7FA8DF8570004E0BF
:1091300003E001208DF85700FFE79DF8570060B964
:10914000FFE744F25041C5F60201086820F04050A4
:10915000189AD26E1043086004E09DF857008DF80D
:109160005600FFE7FFE71898C078C007002837D0FF
:10917000FFE71898806C0B90032817D80B99DFE84D
:1091800001F014020B1344F22C41C5F602010868E9
:1091900040F4003008600DE018980830022105F016
:1091A0008BFA8DF8570005E004E003E001208DF80C
:1091B0005700FFE79DF8570060B9FFE744F24C41C4
:1091C000C5F60201086820F00300189A926C10435B
:1091D000086004E09DF857008DF85600FFE7FFE7B0
:1091E000189880784006002840F1B480FFE744F6E4
:1091F0000001C5F60201086840F480700860FDF7C0
:10920000B3FE1690FFE744F60000C5F602000068C2
:10921000C00500280CD4FFE7FDF7A6FE1699401AFA
:10922000652804D3FFE703208DF8570000E0EAE744
:109230009DF85700002840F08780FFE744F2704017
:10924000C5F60200006800F440701899D1F8B0101B
:1092500001F44071884213D0FFE744F27041C5F633
:109260000201086820F440701790086840F48030CC
:109270000860086820F48030086017980860FFE7ED
:109280001898D0F8B000B0F5807F1FD1FFE7FDF748
:109290006BFE1690FFE744F27040C5F602000068CE
:1092A00000F002010020B0EB510F0ED1FFE7FDF7F7
:1092B0005BFE1699401A41F28931884204D3FFE7D8
:1092C00003208DF8570000E0E5E7FFE79DF8570021
:1092D000A0BBFFE7FFE71898D0F8B00000F440709B
:1092E000B0F5407F13D1FFE744F21041C5F602010B
:1092F000086820F47C50189AD2F8B0204FF6F0435A
:10930000C0F6FF731A4040EA1210086008E044F209
:109310001041C5F60201086820F47C500860FFE7A0
:109320001898D0F8B0206FF31F3244F27041C5F6A0
:109330000201086810430860FFE704E09DF8570049
:109340008DF85600FFE704E09DF857008DF85600B1
:10935000FFE7FFE718980068C007002800F04C807E
:10936000FFE71898806F0A9028282BD80A99DFE821
:1093700001F01529292929292929162929292929E5
:1093800029291E292929292929292629292929295B
:1093900029292729292929292929280016E0189867
:1093A0000830012105F088F98DF857000EE0189873
:1093B0002830012105F068FA8DF8570006E005E035
:1093C00004E003E001208DF85700FFE79DF8570007
:1093D00060B9FFE744F25441C5F60201086820F085
:1093E0003800189A926F1043086004E09DF8570007
:1093F0008DF85600FFE7FFE71898007880070028EF
:1094000039D5FFE71898406F0990052819D80999B0
:10941000DFE801F003040C14151616E01898083064
:10942000012105F049F98DF857000EE01898283011
:10943000012105F029FA8DF8570006E005E004E067
:1094400003E001208DF85700FFE79DF8570060B951
:10945000FFE744F25441C5F60201086820F0070016
:10946000189A526F1043086004E09DF857008DF879
:109470005600FFE7FFE718980078400700283BD523
:10948000FFE71898D0F890000890052819D8089997
:10949000DFE801F003040C14151616E018980830E4
:1094A000012105F009F98DF857000EE018982830D1
:1094B000012105F0E9F98DF8570006E005E004E028
:1094C00003E001208DF85700FFE79DF8570068B9C9
:1094D000FFE744F25841C5F60201086820F0070092
:1094E000189AD2F890201043086004E09DF85700C5
:1094F0008DF85600FFE7FFE71898007880060028EF
:109500004ED5FFE71898D0F88C000790C8B1FFE758
:109510000798B0F1805F15D0FFE70798B0F1005FC2
:1095200018D0FFE70798B0F1405F1BD0FFE707981E
:10953000B0F1804F17D0FFE70798B0F1A04F13D0DC
:1095400013E016E018980830002105F0B5F88DF802
:1095500057000EE018982830022105F095F98DF893
:10956000570006E005E004E003E001208DF8570015
:10957000FFE79DF8570068B9FFE744F25441C5F68C
:109580000201086820F0E040189AD2F88C201043BD
:10959000086004E09DF857008DF85600FFE7FFE7EC
:1095A00018980078400600284ED5FFE71898D0F8A4
:1095B00098000690C8B1FFE70698B0F5806F15D007
:1095C000FFE70698B0F5006F18D0FFE70698B0F5F2
:1095D000406F1BD0FFE70698B0F5805F17D0FFE71C
:1095E0000698B0F5A05F13D013E016E01898083085
:1095F000002105F061F88DF857000EE0189828302A
:10960000022105F041F98DF8570006E005E004E07D
:1096100003E001208DF85700FFE79DF8570068B977
:10962000FFE744F25841C5F60201086820F4E05013
:10963000189AD2F898201043086004E09DF857006B
:109640008DF85600FFE7FFE718980078000600281D
:109650004ED5FFE71898D0F89C000590C8B1FFE7F9
:109660000598B0F5005F15D0FFE70598B0F5804F7D
:1096700018D0FFE70598B0F5C04F1BD0FFE705985D
:10968000B0F5004F17D0FFE70598B0F5204F13D085
:1096900013E016E018980830002105F00DF88DF859
:1096A00057000EE018982830022105F0EDF88DF8EB
:1096B000570006E005E004E003E001208DF85700C4
:1096C000FFE79DF8570068B9FFE744F25841C5F637
:1096D0000201086820F46040189AD2F89C201043D8
:1096E000086004E09DF857008DF85600FFE7FFE79B
:1096F000189800780007002820D5FFE71898D0F8C0
:109700008000B0F5805F0CD1FFE718982830022167
:1097100005F0BAF820B1FFE701208DF85600FFE709
:10972000FFE744F25441C5F60201086820F44050B6
:10973000189AD2F8802010430860FFE71898007844
:10974000C006002820D5FFE71898D0F89400B0F59F
:10975000807F0CD1FFE718982830022105F094F89B
:1097600020B1FFE701208DF85600FFE7FFE744F244
:109770005841C5F60201086820F44070189AD2F8E2
:10978000942010430860FFE71898807800070028AD
:109790003CD5FFE71898D0F8A000049050B1FFE73F
:1097A0000498B0F5803F0DD0FFE70498B0F5003F76
:1097B00010D010E018980830002104F07DFF8DF8DB
:1097C00057000CE018982830022105F05DF88DF85C
:1097D000570004E003E001208DF85700FFE79DF8F3
:1097E000570068B9FFE744F25841C5F6020108681E
:1097F00020F44030189AD2F8A0201043086004E00A
:109800009DF857008DF85600FFE7FFE7189880781D
:10981000400700283FD5FFE71898D0F88400039050
:10982000B0F5801F0AD0FFE70398B0F5001F0ED0F7
:10983000FFE70398B0F5401F11D011E044F22C412E
:10984000C5F60201086840F4003008600CE0189882
:109850002830012105F018F88DF8570004E003E0E6
:1098600001208DF85700FFE79DF8570068B9FFE722
:1098700044F25441C5F60201086820F44010189AD9
:10988000D2F884201043086004E09DF857008DF85A
:109890005600FFE7FFE718988078C007A8B3FFE7F6
:1098A0001898006D029028B1FFE70298B0F5803F4C
:1098B00009D010E044F22C41C5F60201086840F4DA
:1098C000003008600BE018980830022104F0F4FE24
:1098D0008DF8570003E001208DF85700FFE79DF851
:1098E000570060B9FFE744F24C41C5F60201086831
:1098F00020F48030189A126D1043086004E09DF83F
:1099000057008DF85600FFE7FFE71898C0788006EB
:1099100000280CD5FFE718982830022104F0B4FF86
:1099200020B1FFE701208DF85600FFE7FFE7189808
:109930008078800700283AD5FFE71898C06F01901B
:10994000D0B1FFE70198B0F5807F0AD0FFE701981A
:10995000B0F5007F0ED0FFE70198B0F5407F0AD048
:109960000BE044F22C41C5F60201086840F40030D7
:10997000086006E005E004E003E001208DF85700F0
:10998000FFE79DF8570060B9FFE744F25441C5F680
:109990000201086820F44070189AD26F10430860E2
:1099A00004E09DF857008DF85600FFE7FFE7189890
:1099B0008078C00600280CD5FFE744F25041C5F678
:1099C0000201086820F00040189A126F10430860E6
:1099D000FFE718988078800600280CD5FFE744F24E
:1099E0005041C5F60201086820F08070189A926E06
:1099F00010430860FFE71898C0784006002811D58A
:109A0000FFE7FFE744F21041C5F60201086820F4C1
:109A1000004008601898D0F8B42008681043086027
:109A2000FFE7FFE71898C078000600280CD5FFE78D
:109A300044F24C41C5F60201086820F04050189AE3
:109A4000526D10430860FFE71898807800060028E0
:109A50000DD5FFE744F25441C5F60201086820F431
:109A60004000189AD2F8882010430860FFE7189841
:109A70000079C00790B1FFE718980830002104F082
:109A80001BFE8DF857009DF8570008B9FFE704E06A
:109A90009DF857008DF85600FFE7FFE7189800790A
:109AA0008007002812D5FFE718980830012104F03C
:109AB00003FE8DF857009DF8570008B9FFE704E052
:109AC0009DF857008DF85600FFE7FFE718980079DA
:109AD0004007002812D5FFE718980830022104F04B
:109AE000EBFD8DF857009DF8570008B9FFE704E03B
:109AF0009DF857008DF85600FFE7FFE718980079AA
:109B00000007002812D5FFE718982830002104F03C
:109B1000BBFE8DF857009DF8570008B9FFE704E039
:109B20009DF857008DF85600FFE7FFE71898007979
:109B3000C006002812D5FFE718982830012104F04C
:109B4000A3FE8DF857009DF8570008B9FFE704E021
:109B50009DF857008DF85600FFE7FFE71898007949
:109B60008006002812D5FFE718982830022104F05B
:109B70008BFE8DF857009DF8570008B9FFE704E009
:109B80009DF857008DF85600FFE7FFE79DF8560057
:109B900020B9FFE700208DF8670003E001208DF871
:109BA0006700FFE79DF867001AB080BD0000000065
:109BB00080B586B004900391049820B9FFE7012096
:109BC0008DF817003CE2039842F20001C5F2002133
:109BD000096801F00F01884216D9FFE742F2000040
:109BE000C5F20020016821F00F01039A11430160C2
:109BF000006800F00F000399884204D0FFE70120BD
:109C00008DF817001CE2FFE7049800784007002851
:109C100019D5FFE70498006944F21841C5F602011E
:109C2000096801F0700188420CD9FFE744F218413D
:109C3000C5F60201086820F07000049A126910430A
:109C40000860FFE7FFE7049800780007002819D5AF
:109C5000FFE70498406944F21C41C5F60201096817
:109C600001F0700188420CD9FFE744F21C41C5F6AF
:109C70000201086820F07000049A526910430860DD
:109C8000FFE7FFE704980078C006002819D5FFE732
:109C90000498806944F21C41C5F60201096801F488
:109CA000E06188420CD9FFE744F21C41C5F602018D
:109CB000086820F4E060049A926910430860FFE7A6
:109CC000FFE7049800788006002819D5FFE704987C
:109CD000C06944F22041C5F60201096801F0700133
:109CE00088420CD9FFE744F22041C5F6020108681A
:109CF00020F07000049AD26910430860FFE7FFE784
:109D0000049800788007002819D5FFE70498C068F8
:109D100044F21841C5F60201096801F00F018842BA
:109D20000CD9FFE744F21841C5F60201086820F09B
:109D30000F00049AD26810430860FFE7FFE7049819
:109D40000078C007002800F08C80FFE744F218413B
:109D5000C5F60201086820F47060049A9268104306
:109D6000086004984068022811D1FFE744F20040DF
:109D7000C5F60200006800F400310020B0EB514F3E
:109D800004D1FFE701208DF8170059E13EE0049867
:109D90004068032811D1FFE744F20040C5F60200F5
:109DA000006800F000710020B0EB516F04D1FFE7B4
:109DB00001208DF8170043E127E00498406801284E
:109DC00011D1FFE744F20040C5F60200006800F43C
:109DD00080710020B0EB112F04D1FFE701208DF836
:109DE00017002DE110E044F20040C5F602000068C3
:109DF00000F004010020B0EB910F04D1FFE7012037
:109E00008DF817001CE1FFE7FFE7FFE744F2104180
:109E1000C5F60201086820F00700049A5268104352
:109E20000860FDF7A1F80190FFE744F21040C5F685
:109E30000200006800F0380004994968B0EBC10FD7
:109E40000ED0FFE7FDF790F80199401A41F28931F1
:109E5000884204D3FFE703208DF81700F0E0E4E721
:109E6000FFE7049800788007002819D5FFE70498D9
:109E7000C06844F21841C5F60201096801F00F01FB
:109E800088420CD2FFE744F21841C5F60201086887
:109E900020F00F00049AD26810430860FFE7FFE744
:109EA000039842F20001C5F20021096801F00F0198
:109EB000884216D2FFE742F20000C5F20020016896
:109EC00021F00F01039A11430160006800F00F00B8
:109ED0000399884204D0FFE701208DF81700AFE016
:109EE000FFE7049800784007002819D5FFE7049899
:109EF000006944F21841C5F60201096801F07001D9
:109F000088420CD2FFE744F21841C5F60201086806
:109F100020F07000049A126910430860FFE7FFE721
:109F2000049800780007002819D5FFE704984069D5
:109F300044F21C41C5F60201096801F07001884233
:109F40000CD2FFE744F21C41C5F60201086820F07C
:109F50007000049A526910430860FFE7FFE7049815
:109F60000078C006002819D5FFE70498806944F2FC
:109F70001C41C5F60201096801F4E06188420CD277
:109F8000FFE744F21C41C5F60201086820F4E060D6
:109F9000049A926910430860FFE7FFE7049800788D
:109FA0008006002819D5FFE70498C06944F22041D3
:109FB000C5F60201096801F0700188420CD2FFE782
:109FC00044F22041C5F60201086820F07000049AAE
:109FD000D26910430860FFE7FFE700F0CDF844F2D4
:109FE0001842C5F602021168C1F3032348F2FC11BE
:109FF000C0F60101CB5C03F01F03D840009000982D
:10A00000126802F00F02895C01F01F01C84040F69F
:10A01000F811C2F200410860009840F6F411C2F253
:10A020000041086040F60430C2F200400068FCF7CE
:10A03000F3FF8DF80B009DF80B008DF81700FFE77C
:10A040009DF8170006B080BD82B001900091019983
:10A050003F20086044F21040C5F60200006800F09E
:10A0600007000199486044F21840C5F602000168F3
:10A0700001F47061019A9160016801F00F01019A89
:10A08000D160006800F070000199086144F21C4042
:10A09000C5F60200016801F07001019A5161006883
:10A0A00000F4E0600199886144F22040C5F60200A6
:10A0B000006800F070000199C86142F20000C5F22A
:10A0C0000020006800F00F000099086002B070479F
:10A0D00080B582B000F050F844F21842C5F6020292
:10A0E0001168C1F3032348F2FC11C0F60101CB5CF7
:10A0F00003F01F03D84001900198126802F00F028C
:10A10000895C01F01F0120FA01F140F6F810C2F25B
:10A1100000400160019940F6F412C2F20042116061
:10A12000006802B080BD000080B5FFF7D1FF44F2A7
:10A130001C41C5F602010968C1F3021248F2FC1184
:10A14000C0F60101895C01F01F01C84080BD00001C
:10A1500080B5FFF7BDFF44F21C41C5F60201096856
:10A16000C1F3022248F2FC11C0F60101895C01F042
:10A170001F01C84080BD00008AB044F21040C5F6FF
:10A180000200006800F0380001460191182800F232
:10A1900069810199DFE811F0190066016601660125
:10A1A00066016601660166013A00660166016601A4
:10A1B000660166016601660140006601660166018E
:10A1C0006601660166016601460044F20040C5F67C
:10A1D0000200006800F020010020B0EB511F0ED0FB
:10A1E000FFE744F20040C5F602000068C0F3C10179
:10A1F00049F20000C0F2D030C840029005E049F2B8
:10A200000000C0F2D0300290FFE731E140F60010CC
:10A21000C0F23D0002902BE143F20060C0F26E10EC
:10A22000029025E144F22840C5F60200016801F0E1
:10A23000030108910068C0F30510079044F22C4018
:10A24000C5F60200006800F001000690069844F28E
:10A250003441C5F60201096889B2C908484300EED5
:10A26000100AB8EE400A8DED040A0798002800F0A5
:10A27000F580FFE70898009048B1FFE700980128B3
:10A2800069D0FFE70098022800F08980ABE044F233
:10A290000040C5F60200006800F020010020B0EB8D
:10A2A000511F33D0FFE744F20040C5F602000068BA
:10A2B000C0F3C10149F20000C0F2D030C84005909F
:10A2C0009DED050AB8EE400A9DED071AB8EE411A59
:10A2D00080EE010A44F23040C5F6020000686FF3D8
:10A2E0005F2001EE100AB8EE411A9DED042A9FEDA1
:10A2F000633A82EE032A31EE021AB7EE002A31EEFB
:10A30000021A20EE010A8DED030A23E09DED070AF3
:10A31000B8EE401A9FED5B0A80EE010A44F230402D
:10A32000C5F6020000686FF35F2001EE100AB8EE78
:10A33000411A9DED042A9FED513A82EE032A31EE37
:10A34000021AB7EE002A31EE021A20EE010A8DED54
:10A35000030AFFE76BE09DED070AB8EE401A9FED98
:10A36000480A80EE010A44F23040C5F60200006857
:10A370006FF35F2001EE100AB8EE411A9DED042A3A
:10A380009FED3E3A82EE032A31EE021AB7EE002A22
:10A3900031EE021A20EE010A8DED030A47E09DED31
:10A3A000070AB8EE401A9FED340A80EE010A44F223
:10A3B0003040C5F6020000686FF35F2001EE100A1E
:10A3C000B8EE411A9DED042A9FED2C3A82EE032A45
:10A3D00031EE021AB7EE002A31EE021A20EE010A1F
:10A3E0008DED030A23E09DED070AB8EE401A9FEDBC
:10A3F000240A80EE010A44F23040C5F602000068EB
:10A400006FF35F2001EE100AB8EE411A9DED042AA9
:10A410009FED1A3A82EE032A31EE021AB7EE002AB5
:10A4200031EE021A20EE010A8DED030AFFE744F235
:10A430003040C5F60200006881B2012000EB5120D7
:10A4400009909DED030A9DED091AB8EE411A80EEC0
:10A45000010ABCEEC00A8DED020A02E00020029063
:10A46000FFE705E040F60010C0F23D000290FFE774
:10A4700002980AB0704700BF001BB74B00000046AF
:10A480000024744A0024744C80B58CB00A900A9859
:10A4900028B9FFE701208DF82F0000F001BD0A98D0
:10A4A0000078C007002800F0B980FFE744F21040B0
:10A4B000C5F60200006800F03800069044F228401B
:10A4C000C5F6020000680590069810280AD0FFE73C
:10A4D000069818281CD1FFE7059800F00300022811
:10A4E00016D1FFE744F20040C5F60200006800F410
:10A4F00000310020B0EB514F09D0FFE70A984068C7
:10A5000028B9FFE701208DF82F0000F0C9BC84E0D6
:10A51000FFE70A984068B0F5803F09D1FFE744F2B1
:10A520000041C5F60201086840F48030086032E05E
:10A530000A98406868B9FFE744F20041C5F6020195
:10A54000086820F480300860086820F480200860E3
:10A5500020E00A984068B0F5A02F0DD1FFE744F243
:10A560000041C5F60201086840F4802008600868D0
:10A5700040F4803008600CE044F20041C5F602016E
:10A58000086820F480300860086820F480200860A3
:10A59000FFE7FFE7FFE7FFE70A984068F0B1FFE752
:10A5A000FCF7E2FC0990FFE744F20040C5F6020028
:10A5B000006800F400310020B0EB514F0DD1FFE7EF
:10A5C000FCF7D2FC0999401A652805D3FFE7032060
:10A5D0008DF82F0000F064BCE6E71DE0FCF7C4FC3A
:10A5E0000990FFE744F20040C5F60200006800F45D
:10A5F00000310020B0EB514F0DD0FFE7FCF7B4FC69
:10A600000999401A652805D3FFE703208DF82F002C
:10A6100000F046BCE6E7FFE7FFE7FFE70A980078AF
:10A620008007002840F1C580FFE744F21040C5F6DE
:10A630000200006800F03800049044F22840C5F69B
:10A64000020000680390049850B1FFE704981828AE
:10A6500050D1FFE79DF80C00800700284AD1FFE7A2
:10A6600044F20040C5F60200006800F0040100203A
:10A67000B0EB910F09D0FFE70A98C06828B9FFE74F
:10A6800001208DF82F0000F00BBC44F20041C5F60C
:10A690000201086820F019000A9AD2681043086085
:10A6A000FCF762FC0990FFE744F20040C5F60200A7
:10A6B000006800F004010020B0EB910F0CD1FFE71F
:10A6C000FCF752FC0999401A032804D3FFE7032042
:10A6D0008DF82F00E4E3E7E744F20441C5F60201F8
:10A6E000086820F0FE400A9A126940EA0260086099
:10A6F000FFE75DE00A98C068A0B3FFE744F20041BD
:10A70000C5F60201086820F019000A9AD2681043C1
:10A710000860FCF729FC0990FFE744F20040C5F609
:10A720000200006800F004010020B0EB910F0CD192
:10A73000FFE7FCF719FC0999401A032804D3FFE747
:10A7400003208DF82F00ABE3E7E744F20441C5F6A0
:10A750000201086820F0FE400A9A126940EA02608D
:10A76000086024E044F20041C5F60201086820F0C8
:10A7700001000860FCF7F8FB0990FFE744F2004095
:10A78000C5F60200006800F004010020B0EB910F54
:10A790000CD0FFE7FCF7E8FB0999401A032804D323
:10A7A000FFE703208DF82F007AE3E7E7FFE7FFE7F5
:10A7B000FFE70A980078C006002840F1A080FFE774
:10A7C00044F21040C5F60200006800F03800029024
:10A7D00044F22840C5F6020000680190029808285B
:10A7E0000AD0FFE7029818282BD1FFE7019800F064
:10A7F0000300012825D1FFE744F20040C5F602001E
:10A80000006800F480710020B0EB112F09D0FFE741
:10A810000A98C069802804D0FFE701208DF82F0036
:10A820003EE3FFE744F20C41C5F60201086820F060
:10A830007C500A9A126A40EA02600860FFE7FFE76C
:10A840005CE00A98C06998B3FFE744F20041C5F69E
:10A850000201086840F080000860FCF785FB099061
:10A86000FFE744F20040C5F60200006800F4807182
:10A870000020B0EB112F0CD1FFE7FCF775FB099915
:10A88000401A032804D3FFE703208DF82F0007E3C5
:10A89000E7E7FFE744F20C41C5F60201086820F043
:10A8A0007C500A9A126A40EA02600860FFE724E0DE
:10A8B00044F20041C5F60201086820F080000860FB
:10A8C000FCF752FB0990FFE744F20040C5F6020096
:10A8D000006800F480710020B0EB112F0CD0FFE76E
:10A8E000FCF742FB0999401A032804D3FFE7032031
:10A8F0008DF82F00D4E2E7E7FFE7FFE7FFE70A98CC
:10A900000078000700284FD5FFE70A98406928B370
:10A91000FFE744F27441C5F60201086840F0010007
:10A920000860FCF721FB0990FFE744F27440C5F68C
:10A930000200006800F002010020B0EB510F0CD1C2
:10A94000FFE7FCF711FB0999401A032804D3FFE73E
:10A9500003208DF82F00A3E2E7E724E044F27441DE
:10A96000C5F60201086820F001000860FCF7FCFA57
:10A970000990FFE744F27440C5F60200006800F059
:10A9800002010020B0EB510F0CD0FFE7FCF7ECFA0E
:10A990000999401A032804D3FFE703208DF82F00FC
:10A9A0007EE2E7E7FFE7FFE70A98007880060028E5
:10A9B0004FD5FFE70A98806928B3FFE744F20041CA
:10A9C000C5F60201086840F480500860FCF7CCFA34
:10A9D0000990FFE744F20040C5F60200006800F469
:10A9E00000510020B0EB513F0CD1FFE7FCF7BCFA5F
:10A9F0000999401A032804D3FFE703208DF82F009C
:10AA00004EE2E7E724E044F20041C5F6020108689F
:10AA100020F480500860FCF7A7FA0990FFE744F2A1
:10AA20000040C5F60200006800F400510020B0EBC1
:10AA3000513F0CD0FFE7FCF797FA0999401A032819
:10AA400004D3FFE703208DF82F0029E2E7E7FFE7B3
:10AA5000FFE70A9800784007002840F1A780FFE749
:10AA600044F60001C5F60201086840F480700860F1
:10AA7000FCF77AFA0990FFE744F60000C5F60200F9
:10AA80000068C00500280CD4FFE7FCF76DFA0999AF
:10AA9000401A652804D3FFE703208DF82F00FFE15B
:10AAA000EAE7FFE70A988068012809D1FFE744F246
:10AAB0007041C5F60201086840F00100086031E00D
:10AAC0000A98806868B9FFE744F27041C5F6020150
:10AAD000086820F001000860086820F004000860A1
:10AAE0001FE00A98806805280DD1FFE744F2704105
:10AAF000C5F60201086840F004000860086840F0EC
:10AB0000010008600CE044F27041C5F602010868DB
:10AB100020F001000860086820F004000860FFE7EA
:10AB2000FFE7FFE7FFE70A988068F8B1FFE7FCF767
:10AB30001BFA0990FFE744F27040C5F60200006876
:10AB400000F002010020B0EB510F0ED1FFE7FCF73F
:10AB50000BFA0999401A41F28931884204D3FFE780
:10AB600003208DF82F009BE1E5E71EE0FCF7FCF9E0
:10AB70000990FFE744F27040C5F60200006800F05B
:10AB800002010020B0EB510F0ED0FFE7FCF7ECF90B
:10AB90000999401A41F28931884204D3FFE7032022
:10ABA0008DF82F007CE1E5E7FFE7FFE70A98406AB0
:10ABB000002800F07181FFE744F21040C5F6020062
:10ABC000006800F03800182800F0E080FFE70A98DD
:10ABD000406A022840F0B480FFE744F20041C5F625
:10ABE0000201086820F080700860FCF7BDF9099048
:10ABF000FFE744F20040C5F60200006800F0007173
:10AC00000020B0EB516F0CD0FFE7FCF7ADF90999CC
:10AC1000401A032804D3FFE703208DF82F003FE1FB
:10AC2000E7E7FFE744F22841C5F60201086840F271
:10AC3000F33290430A9B9A6ADB6A42EA031210439A
:10AC400008600A99086BD1F834C08B6BCA6B013865
:10AC50006FF35F204FF60061CFF6FF7101EB4C21DF
:10AC600089B208440021CFF6FF7101EB034101F4E2
:10AC7000FE0108444FF07F4101EB026101F0FE410B
:10AC8000084444F23041C5F602010860FFE744F28F
:10AC90002C41C5F602010091086820F0010008600F
:10ACA00044F23442C5F6020210684FF6F873984336
:10ACB0000A9B9B6C40EAC3001060086820F00C00FF
:10ACC0000A9A126C10430860086820F002000A9A81
:10ACD000526C10430860086840F4803008600868CF
:10ACE00040F400300860086840F48020086008687C
:10ACF00040F00100086044F20041C5F60201086816
:10AD000040F080700860FCF72FF90990FFE744F2EB
:10AD10000040C5F60200006800F000710020B0EBB2
:10AD2000516F0CD1FFE7FCF71FF90999401A03286E
:10AD300004D3FFE703208DF82F00B1E0E7E724E01C
:10AD400044F20041C5F60201086820F080700860F6
:10AD5000FCF70AF90990FFE744F20040C5F602004B
:10AD6000006800F000710020B0EB516F0CD0FFE7DD
:10AD7000FCF7FAF80999401A032804D3FFE70320E7
:10AD80008DF82F008CE0E7E7FFE784E044F22840ED
:10AD9000C5F602000068089044F23040C5F6020093
:10ADA000006807900A98406A012837D0FFE70898A2
:10ADB00000F003000A99896A88422FD1FFE70898BA
:10ADC00000F47C710A98C06AB0EB111F26D1FFE72E
:10ADD00007986FF35F200A99096B013988421DD1EA
:10ADE000FFE7BDF81C100A98406B0138B0EB512FFB
:10ADF00014D1FFE7079800F4FE010A98806B013830
:10AE0000B0EB114F0AD1FFE7079800F0FE410A9816
:10AE1000C06B0138B0EB116F04D0FFE701208DF853
:10AE20002F003DE044F23440C5F60200006880B2D5
:10AE3000C00808900A98806C0899884229D0FFE7DA
:10AE400044F22C41C5F60201086820F001000860B8
:10AE5000FCF78AF80990FFE7FCF786F80999401A91
:10AE600008B9FFE7F8E744F23441C5F60201086883
:10AE70004FF6F87290430A9A926C40EAC20008605A
:10AE800044F22C41C5F60201086840F00100086058
:10AE9000FFE7FFE7FFE7FFE700208DF82F00FFE760
:10AEA0009DF82F000CB080BD80B586B00490039152
:10AEB00002920193049820B9FFE701208DF8170052
:10AEC00056E00498D0F8880040B9FFE704990020C4
:10AED00081F88400049802F037F8FFE704992420F1
:10AEE000C1F8880004980168086820F00100086033
:10AEF000049805F021FB012804D1FFE701208DF81B
:10AF0000170035E00498806A20B1FFE7049805F047
:10AF100087F8FFE704980168886840F480408860FB
:10AF200004980068806820F400400399084304995D
:10AF3000096888600298400500900199009840EAED
:10AF4000014000900498006800686FF31940009970
:10AF5000084304990968086004980168086840F08B
:10AF600001000860049805F0FFF88DF81700FFE76E
:10AF70009DF8170006B080BD81B0009001B0704709
:10AF800080B588B007900798006800690690079818
:10AF90000068406905900698059908400490079854
:10AFA00000688068039000200290079890F8810064
:10AFB0008DF8070007980068303000909DF8150064
:10AFC0000007002810D5FFE79DF8180000070028AB
:10AFD0000AD5FFE707980168886940F40060886136
:10AFE000079800F0C1FB91E19DF810004006002891
:10AFF00015D4FFE79DF81000800600280FD4FFE766
:10B000009DF810004007002809D5FFE70798416F19
:10B0100088470798016F884701200290FFE79DF855
:10B0200010004006002811D4FFE79DF81000C0076B
:10B0300060B1FFE79DF810004007002806D4FFE745
:10B040000798016F884701200290FFE79DF81000E4
:10B050008006002812D4FFE79DF810008007002822
:10B060000CD5FFE79DF810004007002806D4FFE745
:10B070000798416F884701200290FFE7029808B1C6
:10B08000FFE743E19DF810000007002840F18980A8
:10B09000FFE707980168886940F008008861079811
:10B0A0000168886940F01000886107980168886924
:10B0B00040F40060886107980168086920F0080082
:10B0C000086107980068806810F4404F3AD1FFE7A4
:10B0D000FFE70798B0F86A0098B3FFE70798C068E1
:10B0E00010280BD3FFE707980068006B0799496E9B
:10B0F00008600799486E043048661BE00798C068EE
:10B1000008280AD3FFE7009800880799496E08804D
:10B110000799486E023048660BE00798006890F87F
:10B1200030000799496E08700799486E01304866EB
:10B13000FFE7FFE70799B1F86A000138A1F86A0054
:10B14000C7E7FFE7079803F04BFD0799012081F857
:10B1500081000798D0F8840020B1FFE70798FFF737
:10B160000BFFD3E09DF80700052804D1FFE70798FF
:10B1700000F062FD14E09DF80700042804D1FFE709
:10B18000079800F0EDFA0AE09DF80700032804D1C3
:10B19000FFE7079800F04CFD00E0FFE7FFE7FFE75F
:10B1A000B4E0BDF8100010F4587F00F0AF80FFE766
:10B1B0009DF81000400600280ED5FFE70799D1F84A
:10B1C000840040F00400C1F8840007980168886991
:10B1D00040F040008861FFE79DF8110080070028DB
:10B1E0000ED5FFE70799D1F8840040F00100C1F8BF
:10B1F000840007980168886940F400708861FFE75F
:10B200009DF81100C00770B1FFE70799D1F88400DD
:10B2100040F00800C1F8840007980168886940F48C
:10B2200080708861FFE79DF81000800600280ED529
:10B23000FFE70799D1F8840040F08000C1F884004E
:10B2400007980168886940F020008861FFE7079847
:10B25000D0F88400002858D0FFE7079801680868F4
:10B2600020F00100086007980168086940F26B321D
:10B2700090430861039800F44040B0F5404F3BD143
:10B28000FFE707980168886820F4404088600798C5
:10B29000C06FB0B1FFE70798C16F4EF6F940C0F636
:10B2A000000008650798C06FF7F7FAFD40B1FFE7A7
:10B2B0000799D1F8840040F04000C1F88400FFE70E
:10B2C000FFE70798806FB0B1FFE70798816F4EF6F0
:10B2D000F940C0F6000008650798806FF7F7E0FDB9
:10B2E00040B1FFE70799D1F8840040F04000C1F871
:10B2F0008400FFE7FFE707E00799012081F881005C
:10B300000798FFF739FEFFE7FFE7FFE708B080BDCA
:10B3100080B586B00490049820B9FFE701208DF82D
:10B3200017003AE10498406A08B9FFE7FFE704997B
:10B33000002088620498006843F20001C4F2010111
:10B3400088421BD0FFE70498006843F60001C4F26E
:10B350000001884212D0FFE70498006843F60041DC
:10B36000C4F20001884209D0FFE70498C0681028A1
:10B3700004D3FFE701208DF817000EE1049803F0D5
:10B38000D3FC02900498006843F20001C4F201016A
:10B39000884216D0FFE70498006843F60001C4F223
:10B3A000000188420DD0FFE70498006843F6004191
:10B3B000C4F20001884204D0FFE7029808281FD891
:10B3C000FFE70498006843F20001C4F201018842DB
:10B3D00012D0FFE70498006843F60001C4F20001B0
:10B3E000884209D0FFE70498006843F60041C4F2A0
:10B3F0000001884208D1FFE70298112804D3FFE733
:10B4000001208DF81700C8E0049890F8810040B939
:10B41000FFE70499002081F88000049800F0C4F848
:10B42000FFE70499022081F8810004980168086808
:10B4300020F00100086004980068806800F4F810AB
:10B44000039004988069B0F1806F1BD1FFE70498E6
:10B450004068B0F5800F04D1FFE70498806B50B1CD
:10B46000FFE70498406868B9FFE70498806BB0F183
:10B47000805F07D1FFE704980168086840F48050B6
:10B480000860FFE7049880794006002810D5FFE7A0
:10B490000498C06807280BD3FFE704980068006889
:10B4A00020F48070049A1168126D1043086006E061
:10B4B00004980168086820F480700860FFE7049B26
:10B4C0001968DA68D869D3F828C040EA0C00DDF8BA
:10B4D0000CC040EA0C00DB6B184310438860049AF0
:10B4E0000192506B516A0843916B0843916908437C
:10B4F0001168D2F804C09368D2F810E040EA0E0058
:10B50000D2F814E040EA0E00D2F820E040EA0E0043
:10B5100040EA0C00D2F84CC040EA0C001843936C8F
:10B520001843926D1043C8600498406898B9FFE7CB
:10B53000049800688068012161F3CC2004990968AF
:10B540008860049800688068022161F34A200499A9
:10B5500009688860FFE704980168086D20F0010021
:10B56000086504988079400600280BD5FFE7049809
:10B570000068C06820F00040049A1168526D1043C2
:10B58000C860FFE704990020C1F88400049A0121F3
:10B5900082F881108DF81700FFE79DF8170006B0BC
:10B5A00080BD00000000000080B5C0B03F900020CA
:10B5B0003E903D903C903B903A900CA8B821F4F717
:10B5C000EBFE3F98006843F60001C4F20001884298
:10B5D00040F0C480FFE700200D904FF480510C91A3
:10B5E00023900CA8FDF7ECFA18B1FFE7F6F7E8FC9A
:10B5F000FFE7FFE744F2E840C5F60200016841F4C6
:10B6000080410160006800F480400B900B98FFE7D8
:10B61000FFE744F2E040C5F60200016841F0040192
:10B620000160006800F004000A900A98FFE7FFE755
:10B6300044F2E040C5F60200016841F002010160F9
:10B64000006800F0020009900998FFE706203A9090
:10B65000022003903B90002007903C900320049030
:10B660003D90052005903E9040F60000C5F6020092
:10B670003AA90691FBF774FADDF80CC0049A059814
:10B680000699079B4FF4005ECDF8E8E0CDF8ECC0DA
:10B690003C933D923E9040F20040C5F60200FBF71D
:10B6A0005FFA079942F2B040C2F2004008901022BF
:10B6B000C4F202020260272242608160C1604FF43E
:10B6C0008062026141618161C1614FF44032026276
:10B6D0004162F9F71DF818B1FFE7F6F771FCFFE7D3
:10B6E000FFE73F9842F2B041C2F20041C1673F9884
:10B6F0008863FFE742F22850C2F2004002902821FE
:10B70000C4F20201016028214160402181600021D2
:10B71000C1604FF48062026141618161C1614FF497
:10B72000003202624162F8F7F3FF18B1FFE7F6F763
:10B7300047FCFFE7FFE73F9842F22851C2F2004181
:10B7400081673F988863FFE724200190052100224C
:10B75000FBF7F6FC0198FBF7E7FCFFE740B080BD84
:10B7600081B0009001B0704781B0009001B0704787
:10B7700080B58EB0DDF840C00C900B910A92ADF808
:10B78000263000208DF825000C98006820300890A5
:10B790000C98006830300790FFE70C9890F8800014
:10B7A000012804D1FFE702208DF8370039E20C9917
:10B7B000012081F88000FFE7FFE7FBF7D5FB06904B
:10B7C000BDF82600ADF81600BDF82600ADF814004F
:10B7D0000C9890F8810001280ED0FFE702208DF828
:10B7E0002500FFE70C99002081F88000FFE79DF815
:10B7F00025008DF8370014E20B9838B1FFE70A985E
:10B8000020B1FFE7BDF8260070B9FFE701208DF8F1
:10B810002500FFE70C99002081F88000FFE79DF8E4
:10B8200025008DF83700FCE10C99052081F8810096
:10B830000C990020C1F884000A990C9A5166BDF851
:10B8400026100C9AA2F86A10BDF826100C9AA2F8DD
:10B8500068100B990C9AD165BDF826100C9AA2F8C5
:10B860006210BDF826100C9AA2F860100C990867B7
:10B870000C9948670C980068C06820F4C0200C99A7
:10B880000968C8600C98006840684FF6FF718843EB
:10B89000BDF8261008440C99096848600C980168A6
:10B8A000086840F0010008600C984068B0F5800F0F
:10B8B00007D1FFE70C980168086840F40070086041
:10B8C000FFE70C98C06810287ED3FFE7FFE7BDF8BC
:10B8D00016100120049039B9FFE7BDF814000028C4
:10B8E00018BF01200490FFE70498C00700286AD021
:10B8F000FFE70C98006840698007002819D5FFE72A
:10B90000BDF81600A8B1FFE70C980168C06D00688B
:10B9100008620C99C86D0430C8650C99B1F86200D2
:10B920000138A1F862000C98B0F86200ADF816007A
:10B93000FFE70C980068406948F2080108421AD0F5
:10B94000FFE7BDF81400B0B1FFE70C980068006B8A
:10B950000C99496E08600C99486E043048660C9941
:10B96000B1F86A000138A1F86A000C98B0F86A00D2
:10B97000ADF81400FFE7FBF7F7FA0699401A1099A3
:10B98000884204D3FFE71098013018B9FFE71098F8
:10B99000C0B9FFE70C9803F023F9FFE70C990020EA
:10B9A00081F88000FFE70C99D1F8840040F48070A2
:10B9B000C1F884000C99012081F8810003208DF8E2
:10B9C00037002EE183E7FEE00C98C06808287BD39F
:10B9D000FFE7FFE7BDF816100120039039B9FFE734
:10B9E000BDF81400002818BF01200390FFE703985A
:10B9F000C007002867D0FFE70C98006840698007FF
:10BA0000002819D5FFE7BDF81600A8B1FFE70C988C
:10BA1000C06D0088089908800C99C86D0230C8650F
:10BA20000C99B1F862000138A1F862000C98B0F8E6
:10BA30006200ADF81600FFE70C9800684069C00787
:10BA4000C8B1FFE7BDF81400A8B1FFE70798008868
:10BA50000C99496E08800C99486E023048660C9922
:10BA6000B1F86A000138A1F86A000C98B0F86A00D1
:10BA7000ADF81400FFE7FBF777FA0699401A109922
:10BA8000884204D3FFE71098013018B9FFE71098F7
:10BA9000C0B9FFE70C9803F0A3F8FFE70C9900206A
:10BAA00081F88000FFE70C99D1F8840040F48070A1
:10BAB000C1F884000C99012081F8810003208DF8E1
:10BAC0003700AEE086E77DE0FFE7BDF81610012005
:10BAD000029039B9FFE7BDF81400002818BF012013
:10BAE0000290FFE70298C00700286AD0FFE70C9891
:10BAF00000684069800700281AD5FFE7BDF81600E6
:10BB0000B0B1FFE70C980168C06D007881F82000A3
:10BB10000C99C86D0130C8650C99B1F86200013804
:10BB2000A1F862000C98B0F86200ADF81600FFE7CB
:10BB30000C9800684069C007D8B1FFE7BDF8140051
:10BB4000B8B1FFE70C98006890F830000C99496E86
:10BB500008700C99486E013048660C99B1F86A007B
:10BB60000138A1F86A000C98B0F86A00ADF814002A
:10BB7000FFE7FBF7F9F90699401A1099884204D3B8
:10BB8000FFE71098013018B9FFE71098C0B9FFE738
:10BB90000C9803F025F8FFE70C99002081F880004D
:10BBA000FFE70C99D1F8840040F48070C1F884005C
:10BBB0000C99012081F8810003208DF8370030E0D6
:10BBC00083E7FFE7FFE70C98109B06996A46116030
:10BBD0000821002203F0C0F840B1FFE70C99D1F82A
:10BBE000840040F02000C1F88400FFE70C9802F0C8
:10BBF000F7FFFFE70C99002081F88000FFE70C9920
:10BC0000012081F881000C98D0F8840020B1FFE772
:10BC100001208DF8370004E09DF825008DF83700ED
:10BC2000FFE79DF837000EB080BD00000000000067
:10BC300081B0009001B0704781B0009001B07047B2
:10BC400081B0009001B0704781B0009001B07047A2
:10BC500081B0009001B0704785B003900291FFE77A
:10BC6000039890F83C00012804D1FFE702208DF8EA
:10BC70001300ABE00399012081F83C00FFE7FFE7E8
:10BC80000399022081F83D00039800684068019004
:10BC90000398006880680090039800680021C4F24F
:10BCA0000101884209D0FFE70398006840F2004193
:10BCB000C4F2010188420AD1FFE7019820F4700024
:10BCC000019002984168019808430190FFE70198AC
:10BCD00020F07000019002980168019808430190DB
:10BCE0000198039909684860039800680021C4F22C
:10BCF000010188424ED0FFE703980068B0F1804F01
:10BD000048D0FFE70398006840F20041C4F2000108
:10BD100088423FD0FFE70398006840F60001C4F274
:10BD20000001884236D0FFE70398006840F60041E2
:10BD3000C4F2000188422DD0FFE70398006840F26A
:10BD40000041C4F20101884224D0FFE70398006853
:10BD500041F60001C4F2000188421BD0FFE70398BE
:10BD6000006844F20001C4F20101884212D0FFE7EA
:10BD7000039800684EF20001C4F20001884209D025
:10BD8000FFE7039800684EF20041C4F200018842C8
:10BD90000ED1FFE7009820F08000009002988168A3
:10BDA0000098084300900098039909688860FFE7AD
:10BDB0000399012081F83D00FFE70399002081F8F5
:10BDC0003C00FFE700208DF81300FFE79DF813000B
:10BDD00005B070470000000080B582B00090009868
:10BDE00020B9FFE701208DF8070045E0009890F8A2
:10BDF0003D0040B9FFE70099002081F83C00009821
:10BE000000F03EF8FFE70099022081F83D0000991C
:10BE100051F8040B03F058FC0099012081F8480008
:10BE2000FFE70099012081F83E00009981F83F006A
:10BE3000009981F84000009981F84100009981F84B
:10BE40004200009981F84300FFE7FFE700990120D5
:10BE500081F84400009981F84500009981F8460076
:10BE6000009981F84700FFE70099012081F83D0023
:10BE700000208DF80700FFE79DF8070002B080BDA5
:10BE800081B0009001B0704783B00190019890F8A4
:10BE90003D00012804D0FFE701208DF80B0083E06E
:10BEA0000199022081F83D0001980168C86840F0BE
:10BEB0000100C860019800680021C4F201018842B5
:10BEC0004ED0FFE701980068B0F1804F48D0FFE7FF
:10BED0000198006840F20041C4F2000188423FD05E
:10BEE000FFE70198006840F60001C4F200018842B3
:10BEF00036D0FFE70198006840F60041C4F2000127
:10BF000088422DD0FFE70198006840F20041C4F25A
:10BF10000101884224D0FFE70198006841F6000142
:10BF2000C4F2000188421BD0FFE70198006844F288
:10BF30000001C4F20101884212D0FFE701980068B5
:10BF40004EF20001C4F20001884209D0FFE70198D7
:10BF500000684EF20041C4F20001884219D1FFE7A7
:10BF60000198006880680721C0F201010840009034
:10BF7000009806280CD0FFE70098B0F5803F07D066
:10BF8000FFE701980168086840F001000860FFE7DA
:10BF900006E001980168086840F001000860FFE7CA
:10BFA00000208DF80B00FFE79DF80B0003B07047F1
:10BFB00081B0009001B0704780B582B001900198C7
:10BFC0000068006900F002010020B0EB510F28D09A
:10BFD000FFE701980068C06800F002010020B0EBA4
:10BFE000510F1DD0FFE7019801686FF00200086152
:10BFF000019901200877019800688069800720B1C5
:10C00000FFE70198FFF7D4FF06E0019800F064F91C
:10C01000019800F0B1FAFFE7019900200877FFE7E7
:10C02000FFE701980068006900F004010020B0EB10
:10C03000910F29D0FFE701980068C06800F0040163
:10C040000020B0EB910F1ED0FFE7019801686FF060
:10C05000040008610199022008770198006880694E
:10C0600010F4407F04D0FFE70198FFF7A1FF06E03E
:10C07000019800F031F9019800F07EFAFFE701998C
:10C0800000200877FFE7FFE701980068006900F0EB
:10C0900008010020B0EBD10F28D0FFE7019800681D
:10C0A000C06800F008010020B0EBD10F1DD0FFE701
:10C0B000019801686FF00800086101990420087771
:10C0C00001980068C069800720B1FFE70198FFF779
:10C0D0006FFF06E0019800F0FFF8019800F04CFABD
:10C0E000FFE7019900200877FFE7FFE70198006864
:10C0F000006900F010010020B0EB111F29D0FFE70C
:10C1000001980068C06800F010010020B0EB111F1A
:10C110001ED0FFE7019801686FF0100008610199D7
:10C120000820087701980068C06910F4407F04D0A7
:10C13000FFE70198FFF73CFF06E0019800F0CCF81C
:10C14000019800F019FAFFE7019900200877FFE74E
:10C15000FFE7019800680069C00780B1FFE7019818
:10C160000068C068C00748B1FFE7019801686FF038
:10C1700001000861019800F003FAFFE7FFE701986A
:10C1800000680069C1B20020B0EBD11F13D0FFE7F7
:10C1900001980068C068C1B20020B0EBD11F09D07F
:10C1A000FFE7019801686FF0800008610198FFF7D0
:10C1B0004BFDFFE7FFE701980068006900F480711C
:10C1C0000020B0EB112F13D0FFE701980068C06882
:10C1D000C1B20020B0EBD11F09D0FFE70198016880
:10C1E0006FF4807008610198FFF72AFDFFE7FFE711
:10C1F00001980068006900F040010020B0EB911F39
:10C2000014D0FFE701980068C06800F040010020EA
:10C21000B0EB911F09D0FFE7019801686FF0400073
:10C220000861019800F0BCF9FFE7FFE7019800689A
:10C23000006900F020010020B0EB511F14D0FFE78F
:10C2400001980068C06800F020010020B0EB511F89
:10C2500009D0FFE7019801686FF02000086101989C
:10C26000FFF7F6FCFFE7FFE702B080BD000000002B
:10C2700080B588B007900020069005900490039048
:10C2800002900798006840F20041C4F20001884221
:10C290001ED1FFE7FFE744F2E040C5F60200016867
:10C2A00041F002010160006800F002000190019875
:10C2B000FFE702200290039000210491059106906F
:10C2C00040F20040C5F6020002A9FAF749FCFFE778
:10C2D00008B080BD0000000081B0009001B0704740
:10C2E00080B586B004900391029200208DF807007B
:10C2F000FFE7049890F83C00012804D1FFE70220F2
:10C300008DF81700C0E00499012081F83C00FFE798
:10C31000FFE702980090142800F2A7800099DFE858
:10C3200001F00BA4A4A424A4A4A43EA4A4A457A4F0
:10C33000A4A471A4A4A48A0004980068039903F03B
:10C34000A3FA04980168886940F00800886104989D
:10C350000168886920F004008861039802690498E4
:10C36000016888691043886183E004980068039934
:10C3700003F032FB04980168886940F4006088612A
:10C3800004980168886920F48060886103980269D4
:10C3900004980168886940EA0220886169E004988D
:10C3A0000068039903F0D0FB04980168C86940F065
:10C3B0000800C86104980168C86920F00400C861D9
:10C3C0000398026904980168C8691043C86150E085
:10C3D00004980068039903F06FFC04980168C86929
:10C3E00040F40060C86104980168C86920F4806066
:10C3F000C8610398026904980168C86940EA02208C
:10C40000C86136E004980068039903F0C5FC0498FD
:10C410000168486D40F00800486504980168486D5F
:10C4200020F0040048650398026904980168486D8B
:10C43000104348651DE004980068039903F014FD5B
:10C4400004980168486D40F40060486504980168EC
:10C45000486D20F48060486503980269049801687B
:10C46000486D40EA0220486503E001208DF807008E
:10C47000FFE7FFE70499002081F83C00FFE79DF803
:10C4800007008DF81700FFE79DF8170006B080BD84
:10C4900080B582B00090009820B9FFE701208DF8A8
:10C4A000070045E0009890F83D0040B9FFE700998B
:10C4B000002081F83C00009800F03EF8FFE700996A
:10C4C000022081F83D00009951F8040B03F0FCF8BC
:10C4D0000099012081F84800FFE70099012081F8C8
:10C4E0003E00009981F83F00009981F840000099D2
:10C4F00081F84100009981F84200009981F84300D9
:10C50000FFE7FFE70099012081F84400009981F8D6
:10C510004500009981F84600009981F84700FFE73F
:10C520000099012081F83D0000208DF80700FFE709
:10C530009DF8070002B080BD82B0019001980068AC
:10C5400040F20041C4F20001884210D1FFE7FFE74A
:10C5500044F2E840C5F60200016841F002010160C2
:10C56000006800F0020000900098FFE7FFE702B0CB
:10C57000704700000000000081B0009001B07047DB
:10C5800080B582B0019001980068B0F1804F03D16E
:10C59000FFE7FAF7F1FCFFE702B080BD0000000002
:10C5A00081B0009001B0704783B00190FFE701981F
:10C5B00090F88400012804D1FFE702208DF80B00D9
:10C5C0002CE00199012081F88400FFE7FFE7019941
:10C5D0002420C1F888000198006800680090019844
:10C5E0000168086820F001000860009820F0005001
:10C5F0000090019900204866009801990968086038
:10C6000001992020C1F88800FFE70199002081F8F6
:10C610008400FFE700208DF80B00FFE79DF80B007A
:10C6200003B070470000000080B582B00190ADF803
:10C630000210019843F22C11C2F20041884206D147
:10C64000FFE70198BDF8021009F06EFC1DE00198AB
:10C6500043F29801C2F20041884206D1FFE70198F7
:10C66000BDF8021009F06CF80EE0019843F20401E5
:10C67000C2F20041884206D1FFE70198BDF80210DE
:10C6800008F076FCFFE7FFE7FFE702B080BD00009F
:10C6900081B0009001B0704780B584B002900191E4
:10C6A000FFE7029890F88400012804D1FFE70220F8
:10C6B0008DF80F0032E00299012081F88400FFE735
:10C6C000FFE702992420C1F88800029800680068FA
:10C6D000009002980168086820F001000860029844
:10C6E0000068806820F06060019908430299096839
:10C6F0008860029803F050FC00980299096808606D
:10C7000002992020C1F88800FFE70299002081F8F3
:10C710008400FFE700208DF80F00FFE79DF80F0071
:10C7200004B080BD0000000080B584B0029001918B
:10C73000FFE7029890F88400012804D1FFE7022067
:10C740008DF80F0032E00299012081F88400FFE7A4
:10C75000FFE702992420C1F8880002980068006869
:10C76000009002980168086820F0010008600298B3
:10C770000068806820F060400199084302990968C8
:10C780008860029803F008FC009802990968086024
:10C7900002992020C1F88800FFE70299002081F863
:10C7A0008400FFE700208DF80F00FFE79DF80F00E1
:10C7B00004B080BD0000000081B0009001B070475F
:10C7C00081B0009001B0704781B0009001B0704717
:10C7D00080B592B0119011980068C06910901198BE
:10C7E000006800680F901198006880680E9010989B
:10C7F00040F60F0108400D900D98E0B9FFE79DF855
:10C8000040008006002815D5FFE79DF83C00800613
:10C81000002806D4FFE79DF83B00C006002809D594
:10C82000FFE71198406F20B1FFE71198416F8847EB
:10C83000FFE72FE3FFE70D98002800F00C81FFE7EA
:10C840000E980121C1F20001084209D1FFE70F98BB
:10C8500040F22011C0F20041084200F0FC80FFE7E6
:10C860009DF84000C00788B1FFE79DF83D00C00774
:10C8700060B1FFE711980168012008621199D1F8B1
:10C88000900040F00100C1F89000FFE79DF84000E3
:10C890008007002811D5FFE79DF83800C00760B178
:10C8A000FFE711980168022008621199D1F8900001
:10C8B00040F00400C1F89000FFE79DF840004007F9
:10C8C000002811D5FFE79DF83800C00760B1FFE7E9
:10C8D00011980168042008621199D1F8900040F085
:10C8E0000200C1F89000FFE79DF840000007002813
:10C8F00019D5FFE79DF83C008006002807D4FFE724
:10C900000E980121C1F2000108420CD0FFE71198F6
:10C910000168082008621199D1F8900040F00800E1
:10C92000C1F89000FFE79DF841000007002813D5EB
:10C93000FFE79DF83F00400700280DD5FFE711985D
:10C9400001684FF4006008621199D1F8900040F03E
:10C950002000C1F89000FFE71198D0F8900000285F
:10C9600078D0FFE79DF840008006002815D5FFE746
:10C970009DF83C008006002806D4FFE79DF83B00A8
:10C98000C006002809D5FFE71198406F20B1FFE7E6
:10C990001198416F8847FFE7FFE71198D0F89000A2
:10C9A0000C9011980068806800F04000402806D084
:10C9B000FFE79DF8300010F0280F42D0FFE71198F4
:10C9C00003F016FD1198006880684006002833D5F2
:10C9D000FFE7FFE7FFE71198006850E8020F20F03B
:10C9E00040000B90FFE70B991198026842E8021093
:10C9F0000028F0D1FFE7FFE71198D0F88000B0B130
:10CA0000FFE71198D0F8801040F2B120C0F6010085
:10CA100008651198D0F88000F6F742FA30B1FFE7C8
:10CA20001198D0F88000016D8847FFE703E0119866
:10CA3000FFF7CAFEFFE703E01198FFF7C5FEFFE727
:10CA400007E01198FFF7C0FE11990020C1F890008F
:10CA5000FFE7FFE71EE21198C06E012840F0BB819E
:10CA6000FFE79DF84000C006002840F1B481FFE7D1
:10CA70009DF83C00C006002840F1AD81FFE7119809
:10CA8000016810200862119800688068400600283C
:10CA900040F13F81FFE71198D0F880000068102135
:10CAA000C4F20201884200F0A280FFE71198D0F89A
:10CAB000800000682821C4F20201884200F09780BB
:10CAC000FFE71198D0F8800000684021C4F202010D
:10CAD000884200F08C80FFE71198D0F88000006851
:10CAE0005821C4F20201884200F08180FFE71198CA
:10CAF000D0F8800000687021C4F20201884276D02C
:10CB0000FFE71198D0F8800000688821C4F2020184
:10CB100088426CD0FFE71198D0F880000068A0210F
:10CB2000C4F20201884262D0FFE71198D0F8800079
:10CB30000068B821C4F20201884258D0FFE711987A
:10CB4000D0F88000006840F21041C4F2020188422F
:10CB50004DD0FFE71198D0F88000006840F22841DE
:10CB6000C4F20201884242D0FFE71198D0F8800059
:10CB7000006840F24041C4F20201884237D0FFE72A
:10CB80001198D0F88000006840F25841C4F20201C8
:10CB900088422CD0FFE71198D0F88000006840F25E
:10CBA0007041C4F20201884221D0FFE71198D0F809
:10CBB0008000006840F28841C4F20201884216D029
:10CBC000FFE71198D0F88000006840F2A041C4F25D
:10CBD000020188420BD0FFE71198D0F8800000686E
:10CBE00040F2B841C4F20201884207D1FFE7119830
:10CBF000D0F8800000684068019006E01198D0F8F5
:10CC00008000006840680190FFE70198ADF82A00B5
:10CC1000BDF82A0000287BD0FFE7BDF82A00119953
:10CC2000B1F85C10884273DAFFE7BDF82A00119969
:10CC3000A1F85E001198D0F88000C069B0F5807F3F
:10CC400059D0FFE7FFE7FFE71198006850E8000FB1
:10CC500020F480700990FFE709991198026842E872
:10CC600000100028F0D1FFE7FFE7FFE7FFE711988A
:10CC7000006850E8020F20F001000890FFE70899D3
:10CC80001198026842E802100028F0D1FFE7FFE7A0
:10CC9000FFE7FFE71198006850E8020F20F040001E
:10CCA0000790FFE707991198026842E802100028F0
:10CCB000F0D1FFE7FFE711992020C1F88C0011990E
:10CCC0000020C866FFE7FFE71198006850E8000FF2
:10CCD00020F010000690FFE706991198026842E8DC
:10CCE00000100028F0D1FFE7FFE71198D0F880008E
:10CCF000F5F71AFCFFE71199022008671198B0F8C0
:10CD00005C10B0F85E20891A89B2FFF78DFCFFE74E
:10CD1000C0E01199B1F85C00B1F85E10401AADF8AE
:10CD200016001198B0F85E00002853D0FFE7BDF858
:10CD3000160000284ED0FFE7FFE7FFE711980068D4
:10CD400050E8000F20F490700490FFE704991198C8
:10CD5000026842E800100028F0D1FFE7FFE7FFE794
:10CD6000FFE71198006850E8020F4FF6FE71CEF60B
:10CD7000FF7108400390FFE703991198026842E8A9
:10CD800002100028EDD1FFE7FFE711992020C1F83C
:10CD90008C0011990020C86611994867FFE7FFE7EA
:10CDA0001198006850E8000F20F010000290FFE793
:10CDB00002991198026842E800100028F0D1FFE7BC
:10CDC000FFE71199022008671198BDF81610FFF7C8
:10CDD0002BFCFFE75EE09DF84200C00600280FD55F
:10CDE000FFE79DF83A004006002809D5FFE71198B3
:10CDF00001684FF4801008621198FFF7E1FC49E0E8
:10CE00009DF840000006002815D5FFE79DF83C007E
:10CE10000006002806D4FFE79DF83A000006002827
:10CE200009D5FFE71198806F20B1FFE71198816F56
:10CE30008847FFE72EE09DF84000400600280AD50D
:10CE4000FFE79DF83C004006002804D5FFE7119855
:10CE500003F01EFB1EE09DF84200000600280AD5E4
:10CE6000FFE79DF83F004006002804D5FFE7119832
:10CE7000FFF7A2FC0EE09DF84300C00750B1FFE7AA
:10CE80009DF83F000006002804D5FFE71198FFF742
:10CE9000FFFBFFE712B080BD80B582B00090009824
:10CEA00020B9FFE701208DF8070046E0009880696F
:10CEB00008B1FFE700E0FFE70098D0F8880040B92C
:10CEC000FFE70099002081F88400009800F03CF80A
:10CED000FFE700992420C1F88800009801680868DD
:10CEE00020F001000860009803F026FB012804D11F
:10CEF000FFE701208DF807001FE00098806A20B14D
:10CF0000FFE7009803F08CF8FFE700980168486895
:10CF100020F49040486000980168886820F02A005A
:10CF2000886000980168086840F001000860009877
:10CF300003F01AF98DF80700FFE79DF8070002B02B
:10CF400080BD00000000000080B5CCB04B900020F8
:10CF50004A90499048904790469018A8B821F3F716
:10CF60001BFA4B98006845F20001C4F200018842A8
:10CF700040F09880FFE70020199002211891359029
:10CF800018A8FBF71DFE18B1FFE7F5F719F8FFE742
:10CF9000FFE744F2E840C5F60200016841F4801161
:10CFA0000160006800F4801017901798FFE7FFE712
:10CFB00044F2E040C5F60200016841F0040101605E
:10CFC000006800F0040016901698FFE7FFE744F2AF
:10CFD000E040C5F60200016841F008010160006808
:10CFE00000F0080015901598FFE74FF48050469028
:10CFF00002200C90479000200F9048904990082004
:10D000000D904A9040F60000C5F6020046A90E9128
:10D01000F9F7A6FD0C9B0D980E990F9A4FF0040C92
:10D02000CDF818C14793489249924A9040F6004083
:10D03000C5F60200F9F794FD0F9942F2A050C2F232
:10D04000004010904022C4F202020260412242607D
:10D050008160C1604FF480620261416181614FF47F
:10D060008072C2614FF4403202624162F7F750FBB6
:10D0700018B1FFE7F4F7A4FFFFE7FFE74B9842F290
:10D08000A051C2F20041C0F880104B988863FFE7BE
:10D0900035200B9005210022FAF752F80B98FAF789
:10D0A00043F85EE14B98006844F20041C4F200018D
:10D0B000884240F09D80FFE70020199002211891DE
:10D0C000359018A8FBF77CFD18B1FFE7F4F778FF5F
:10D0D000FFE7FFE744F2E840C5F60200016841F4CB
:10D0E00000310160006800F4003014901498FFE7EC
:10D0F000FFE744F2E040C5F60200016841F0080194
:10D100000160006800F0080013901398FFE770209A
:10D1100046900220479000200990489049900720AF
:10D120004A9040F60040C5F6020046A9F9F718FDFE
:10D13000099942F20870C2F200400A905822C4F2E3
:10D14000020202602B2242608160C1604FF4806263
:10D150000261416181614FF48072C2614FF400321B
:10D1600002624162F7F7D4FA18B1FFE7F4F728FF3B
:10D17000FFE7FFE74B9842F20871C2F20041C0F8A6
:10D1800080104B988863FFE742F28070C2F2004043
:10D1900008907021C4F2020101602C2141604021FD
:10D1A00081600021C1604FF4806202614161816150
:10D1B000C1614FF4003202624162F7F7A9FA18B177
:10D1C000FFE7F4F7FDFEFFE7FFE74B9842F28071BF
:10D1D000C2F20041C1674B988863FFE726200790A1
:10D1E00005210022F9F7ACFF0798F9F79DFFB7E09A
:10D1F0004B98006841F60041C4F20101884240F0BA
:10D20000AE80FFE70020199001211891369018A8F0
:10D21000FBF7D6FC18B1FFE7F4F7D2FEFFE7FFE714
:10D2200044F2F040C5F60200016841F0800101605F
:10D23000006800F0800012901298FFE7FFE744F2C8
:10D24000E040C5F60200016841F01001016000688D
:10D2500000F0100011901198FFE704204690022181
:10D260000291479100210591489149914A9041F2DC
:10D270000000C5F60200039046A90491F9F770FC7E
:10D28000029B03980499059A4FF0080CCDF818C139
:10D290004793489249920B224A92F9F761FC05990B
:10D2A00042F21860C2F2004006908822C4F20202E4
:10D2B0000260762242608160C1604FF48062026148
:10D2C000416181614FF48072C2614FF400320262A9
:10D2D0004162F7F71DFA18B1FFE7F4F771FEFFE7B7
:10D2E000FFE74B9842F21861C2F20041C0F880108B
:10D2F0004B988863FFE742F29060C2F200400190D1
:10D30000A021C4F2020101607721416040218160C7
:10D310000021C1604FF48062026141618161C1619D
:10D320004FF4003202624162F7F7F2F918B1FFE7F9
:10D33000F4F746FEFFE7FFE74B9842F29061C2F236
:10D340000041C1674B988863FFE79C20009005214E
:10D350000022F9F7F5FE0098F9F7E6FEFFE7FFE790
:10D36000FFE74CB080BD000080B586B0049003910B
:10D37000ADF80A200498D0F88800202870D1FFE783
:10D38000039820B1FFE7BDF80A0020B9FFE70120AC
:10D390008DF8170068E0039804990865BDF80A0045
:10D3A0000499A1F85400BDF80A000499A1F85600A8
:10D3B00004990020C1F8900004992120C1F8880048
:10D3C0000498C06F88B3FFE70498C16F40F25930EA
:10D3D000C0F60100C8630498C16F40F2D930C0F6AE
:10D3E000010008640498C16F40F2D920C0F6010022
:10D3F000C8640498C16F0020086504980268016D34
:10D40000C06F2832BDF80A30F7F736FE60B1FFE78B
:10D4100004991020C1F8900004992020C1F88800D8
:10D4200001208DF817001FE0FFE7049801684020F5
:10D430000862FFE7FFE70498006850E8020F40F039
:10D4400080000190FFE701990498026842E8021009
:10D450000028F0D1FFE7FFE700208DF8170003E078
:10D4600002208DF81700FFE79DF8170006B080BD79
:10D4700081B0009001B0704781B0009001B070475A
:10D48000FFE7FEE70000000083B0029001918DF8F5
:10D49000032000208DF80200FFE79DF802009DF8B0
:10D4A0000310884229DAFFE70298000F092809D8FB
:10D4B000FFE70298000F303001999DF8022001F833
:10D4C000120009E00299372000EB117001999DF8D4
:10D4D000022001F81200FFE7029800010290019873
:10D4E0009DF8021000EB410100204870FFE79DF815
:10D4F000020001308DF80200CFE703B07047000052
:10D5000080B58CB0FFE744F2D840C5F60200016850
:10D5100041F001010160006800F001000B900B98E0
:10D52000FFE70B2001900621029100220992F9F7F2
:10D5300007FE0198F9F7F8FD0299099A0C2003906B
:10D54000F9F7FEFD0398F9F7EFFD099A0D20049015
:10D5500005210891F9F7F4FD0498F9F7E5FD08991C
:10D56000099A0E200590F9F7EBFD0598F9F7DCFD17
:10D570000899099A0F200690F9F7E2FD0698F9F745
:10D58000D3FD0899099A10200790F9F7D9FD07985B
:10D59000F9F7CAFD0899099A11200A90F9F7D0FD08
:10D5A0000A98F9F7C1FD0CB080BD00000000000032
:10D5B00080B582B042F2F870C2F2004000904AF2A8
:10D5C0000001C4F200010160002201928260C26089
:10D5D0000274427482744FF0030CC0F814C00A2124
:10D5E00081611D23C3610162C0F824C08162C362EE
:10D5F0000163052141638163C1630423036408213E
:10D6000041648264C164026543658265C2650166E6
:10D6100042668166F8F7A0FE18B1FFE7F4F7D0FC88
:10D62000FFE702B080BD000080B582B042F69800EE
:10D63000C2F2004000904AF20041C4F200010160D1
:10D64000002201928260C2600274427482744FF0C0
:10D65000030CC0F814C00A2181611D23C36101625B
:10D66000C0F824C08162C362016340F25631416355
:10D6700005218163C1630264042343648364082138
:10D68000C164026543658265C26503664266816660
:10D69000F8F762FE18B1FFE7F4F792FCFFE702B07B
:10D6A00080BD00000000000080B582B042F6381056
:10D6B000C2F2004000904DF20041C4F2000101604E
:10D6C000002201928260C2600274427482744FF040
:10D6D000030CC0F814C00A2383611D21C1610362D9
:10D6E000C0F824C08362C1620521016340F2AD63CA
:10D6F00043638163C163042303640821416482643A
:10D70000C364026543658265C265036642668166DD
:10D71000F8F722FE18B1FFE7F4F752FCFFE702B07A
:10D7200080BD00000000000080B590B048F2E81C09
:10D73000C0F6010CDCF80000DCF80410DCF808206E
:10D74000DCF80C30DCF810C0CDF83CC00E930D9224
:10D750000C910B900BA80021009109F029FB009976
:10D7600042F2FC02C2F20042106048F2C01EC0F653
:10D77000010EDEF80000DEF80420DEF80830DEF8E6
:10D780000CC0DEF810E0CDF828E0CDF824C00893F6
:10D790000792069006A809F00BFB009940F6743238
:10D7A000C2F20042106048F2D41EC0F6010EDEF84C
:10D7B0000000DEF80420DEF80830DEF80CC0DEF8E9
:10D7C00010E0CDF814E0CDF810C003930292019060
:10D7D00001A809F0EDFA40F6EC31C2F20041086010
:10D7E00010B080BD0000000080B594B00020139000
:10D7F0001290119010900F90FFE744F2E040C5F6B0
:10D800000200016841F010010160006800F01000A2
:10D810000E900E98FFE7FFE744F2E040C5F60200E5
:10D82000016841F004010160006800F004000D90FF
:10D830000D98FFE7FFE744F2E040C5F602000168FB
:10D8400041F080010160006800F080000C900C98AD
:10D85000FFE7FFE744F2E040C5F60200016841F04F
:10D8600001010160006800F001000B900B98FFE7D8
:10D87000FFE744F2E040C5F60200016841F0020112
:10D880000160006800F002000A900A98FFE7FFE7D5
:10D8900044F2E040C5F60200016841F00801016071
:10D8A000006800F0080009900998FFE740F60000C2
:10D8B000C5F6020000904FF4C04100220592F9F72E
:10D8C0003BFB009848F2090101220692F9F734FB6C
:10D8D000069A0020C5F6020002900421F9F72CFBFD
:10D8E000059A41F20000C5F6020007904FF400715E
:10D8F0000391F9F721FB0298059A05210191F9F7A7
:10D900001BFB00980599069A4FF460430F93109201
:10D91000119112910FA90891F9F722F90098059A2F
:10D92000069B08994FF0090CCDF83CC0109311925A
:10D93000032204921292F9F713F9DDF804C0029859
:10D94000049A069B0899CDF83CC01093119312924B
:10D95000F9F706F9DDF80CC0049A069B07980899B8
:10D96000CDF83CC0109311931292F9F7F9F8059A8B
:10D97000079808994FF4A0530F934FF4881310930E
:10D980001192F9F7EDF8059B069A079808994FF45C
:10D99000005CCDF83CC010931192F9F7E1F814B097
:10D9A00080BD00000000000080B582B042F6E46057
:10D9B000C2F20040009043F60001C4F20001016091
:10D9C0004FF4800141600021019181600722C26013
:10D9D0004FF0007202614FF0807242614FF080623E
:10D9E00082614FF08042C261016241628162C16224
:10D9F00042638163C163016441648164C164016500
:10DA000041658165FDF784FC18B1FFE7F4F7D8FAAA
:10DA1000FFE702B080BD000080B58CB0002101910D
:10DA20000B910A9109910891079106910591049132
:10DA30000391029142F6B870C2F2004040F20042F7
:10DA4000C4F20002026017224260816042F20F724B
:10DA5000C260016180218161FEF71AFD18B1FFE704
:10DA6000F4F7AEFAFFE7002009900B9042F6B87089
:10DA7000C2F2004009A9FEF7EFF818B1FFE7F4F78A
:10DA80009FFAFFE760200290002003900490069028
:10DA900042F6B870C2F2004002A90C22FEF720FC48
:10DAA00018B1FFE7F4F78CFAFFE742F6B870C2F25C
:10DAB0000040FEF7DDFB0CB080BD00000000000060
:10DAC00080B582B043F22C10C2F20040019045F2C2
:10DAD0000001C4F20001016048F2A061C0F201013E
:10DAE00041604FF4805181604FF40051C1604FF4A8
:10DAF000806101610421416100218161C161016294
:10DB000041628162FFF7C8F918B1FFE7F4F758FAEC
:10DB1000FFE743F22C10C2F200400021FEF704FEA2
:10DB200018B1FFE7F4F74CFAFFE743F22C10C2F20A
:10DB300000400021FEF7B0FD18B1FFE7F4F740FA0E
:10DB4000FFE743F22C10C2F20040FEF72DFD18B1A2
:10DB5000FFE7F4F735FAFFE702B080BD00000000F0
:10DB600080B582B043F20400C2F20040009041F65A
:10DB70000041C4F2010101604FF4E1314160002134
:10DB800001918160C16001610C2242618161C161CA
:10DB9000016241628162FFF77FF918B1FFE7F4F794
:10DBA0000FFAFFE743F20400C2F200400021FEF743
:10DBB000BBFD18B1FFE7F4F703FAFFE743F20400F7
:10DBC000C2F200400021FEF767FD18B1FFE7F4F74D
:10DBD000F7F9FFE743F20400C2F20040FEF7E4FC6D
:10DBE00018B1FFE7F4F7ECF9FFE702B080BD0000E1
:10DBF00080B582B043F29800C2F20040009044F237
:10DC00000041C4F20001016040F60011C0F23D0184
:10DC10004160002301938360C36003610C21416173
:10DC20008361C36103624362836219461A46FDF74A
:10DC30003BF918B1FFE7F4F7C3F9FFE743F29800A7
:10DC4000C2F200400021FEF76FFD18B1FFE7F4F7C4
:10DC5000B7F9FFE743F29800C2F200400021FEF757
:10DC60001BFD18B1FFE7F4F7ABF9FFE743F29800AB
:10DC7000C2F20040FEF798FC18B1FFE7F4F7A0F9F4
:10DC8000FFE702B080BD000080B542F2D410C2F2BE
:10DC9000004040F69411C2F20041012204F034FD2C
:10DCA00018B1FFE7F4F78CF9FFE742F2D410C2F2A3
:10DCB000004040F6FC11C2F2004105F051FA18B1E3
:10DCC000FFE7F4F77DF9FFE742F2D410C2F200401B
:10DCD00040F69821C2F2004103F016FF18B1FFE7A9
:10DCE000F4F76EF9FFE742F2D410C2F2004005F0FB
:10DCF000C7FB18B1FFE7F4F763F9FFE7FAF790FC09
:10DD000080BD000000000000FFE7FEE7000000000B
:10DD1000FFE7FEE70000000088B00790069105923B
:10DD2000079800F0070004900498C0F10700052848
:10DD300003D3FFE70420019004E00498C0F107003A
:10DD40000190FFE70198039004980430062803D857
:10DD5000FFE70020009003E0049803380090FFE7FD
:10DD60000098029006980399012202FA01F1013904
:10DD70000840029B984005999A40013A1140084397
:10DD800008B070470000000080B542F6D810C2F21B
:10DD90000040F9F709FD80BD80B586B0059004917B
:10DDA000059800680390039802900398006C019016
:10DDB0000298049900EB4110D0F8080B00900198EC
:10DDC00043F20B01C4F6547188420FD3FFE79DF86C
:10DDD00001000006002809D5FFE70298049900EB2E
:10DDE00041114FF40040C1F8080BFFE70598FAF71E
:10DDF00057FB019843F20B01C4F6547188420DD3CE
:10DE0000FFE70598C068012808D1FFE70599086871
:10DE100001F2C442012106F097F9FFE7002006B0A5
:10DE200080BD00000000000080B588B0079006911A
:10DE3000079800680490049803900498006C02907E
:10DE40000398069900EB4110D0F8080B0190079851
:10DE5000C068012840F08180FFE79DF804000007BA
:10DE6000002818D5FFE7029843F20B01C4F654715D
:10DE700088420FD3FFE79DF805000006002809D56A
:10DE8000FFE70398069900EB41114FF40040C1F8F9
:10DE9000080BFFE760E09DF804008006002808D525
:10DEA000FFE70398069900EB41112020C1F8080B09
:10DEB00051E09DF8040010F0280F4AD1FFE70298C6
:10DEC00043F20B01C4F6547188420FD3FFE79DF86B
:10DED00005000006002809D5FFE70398069900EB26
:10DEE00041114FF40040C1F8080B31E00798069942
:10DEF00001EBC10100EB810000F51F700590059852
:10DF0000006A0399069A01EB4211D1F8101B6FF3D6
:10DF1000DF41401A05994861069898B9FFE70598CE
:10DF2000006940B9FFE70799086801F2C44201217E
:10DF300006F00AF905E00599C8684A691044C86006
:10DF4000FFE7FFE707989DF81810F9F7B9F9FFE721
:10DF500000E0FFE7FFE7FFE747E0029843F20A111E
:10DF6000C4F65471884224D1FFE79DF805000006ED
:10DF7000002809D5FFE70398069900EB41114FF4FB
:10DF80000040C1F8080B13E09DF80400800600284B
:10DF900008D5FFE70398069900EB41112020C1F84E
:10DFA000080BFFE707989DF81810F9F789F9FFE7C4
:10DFB0001AE0069890B9FFE70798069901EBC101AE
:10DFC00000EB8100D0F88C0240B9FFE707990868A0
:10DFD00001F2C442002106F0B7F8FFE707989DF868
:10DFE0001810F9F76DF9FFE7FFE7002008B080BDD2
:10DFF00080B58CB00A9009910A980068089008983A
:10E0000007900A98099901EBC10100EB81003C30AF
:10E010000690069801694069884204D9FFE701200B
:10E020008DF82F0079E0069908694969401A059032
:10E03000059806998968884204D9FFE706988068A0
:10E040000590FFE70598033080080490FFE70798E4
:10E05000099900EB4110D0F8180981B2049A002008
:10E06000914202900FD3FFE70698026941690020B0
:10E070009142029007D2FFE706980069002818BF76
:10E0800001200290FFE70298C00770B3FFE70699EE
:10E0900008694969401A0590059806998968884277
:10E0A00004D9FFE7069880680590FFE705980330DC
:10E0B0008008049008980699C9689DF82420BDF846
:10E0C0001430DDF828C09CF80CC0EE46CEF800C035
:10E0D00006F00AFF059A0699C8681044C860059AB8
:10E0E0000699486910444861B1E706990869496989
:10E0F00088420ED8FFE7099800F00F010120884000
:10E100000390039A0799D1F834089043C1F8340872
:10E11000FFE700208DF82F00FFE79DF82F000CB0DF
:10E1200080BD00000000000080B582B00190ADF815
:10E130000210BDF802000F2801D0FFE727E0019888
:10E1400000785A2805D1FFE70198807BA52801D0E7
:10E15000FFE71CE0019800F07FFC0199497B8842B1
:10E1600001D0FFE713E00198D0F8010040F69801D4
:10E17000C2F20041C1F8EC000198D0F80500C1F8E6
:10E18000F0000198D0F80900C1F8F400FFE702B0F0
:10E1900080BD00000000000080B586B08DED050A4E
:10E1A000CDED040A8DED031A40F6D230C2F20040E4
:10E1B0000090AA2101700599C0F801100499C0F8D7
:10E1C00005100399C0F8091040F69801C2F2004109
:10E1D00091F8D010C0F80D100021C0F8111001F016
:10E1E000AFFE0099487540F6BC30C2F20040029084
:10E1F00016220192F2F7B7F801990298F2F7B8FAED
:10E20000012801D1FFE7FFE706B080BD0000000054
:10E2100080B58AB009900891089890F8D00008B1AC
:10E22000FFE7A5E0099890F837005A2801D0FFE7EA
:10E230009EE00998408DADF81E000998008DADF85C
:10E240001C000998808CADF81A00099890F82000FD
:10E25000732832D1FFE7BDF91E0000EE100AB8EEB8
:10E26000C00A9FED442A80EE020A9FED431A20EE79
:10E27000010A8DED050ABDF91C0000EE100AB8EE8A
:10E28000C00A80EE020A20EE010A8DED040ABDF9F3
:10E290001A0000EE100AB8EEC00A80EE020A20EE64
:10E2A000010A8DED030A08989DED050ADDED040ACB
:10E2B0009DED031AF2F7E4FE5AE00020029001906F
:10E2C0000090099890F821000009C00730B1FFE7DD
:10E2D0004CF6CD40C3F64C700290FFE7099890F8D9
:10E2E00021008009C00730B1FFE74CF6CD40CBF6E6
:10E2F0004C700290FFE7099890F821100020B0EBD5
:10E30000D11F06D0FFE74CF6CD40C3F64C7000900D
:10E31000FFE7099890F821004009C00730B1FFE7F6
:10E320004CF6CD40CBF64C700090FFE7099890F882
:10E3300022008008C00728B1FFE70020CCF22000AF
:10E340000090FFE7099890F82200C008C00728B1A4
:10E35000FFE70020C4F220000090FFE708989DED41
:10E36000020ADDED010A9DED001AF2F789FEFFE7D2
:10E370000AB080BD0000FE42CDCC4C3F0000000042
:10E3800080B582B040F6B411C2F200410091086934
:10E39000898A0122F8F7D0FD00998869898B0022CB
:10E3A0000192F8F7C9FD0099019A88688989F8F700
:10E3B000C3FD02B080BD000082B0019000910198C1
:10E3C00090F837005A2801D0FFE728E0019890F82C
:10E3D0002100C008C007B8B1FFE740F6E830C2F23C
:10E3E0000040007880B9FFE7009890F8D00028B985
:10E3F000FFE70099012081F8D00004E00099002097
:10E4000081F8D000FFE7FFE7019890F82100C0F302
:10E41000C00040F6E831C2F200410870FFE702B0E8
:10E42000704700000000000080B582B08DF8070042
:10E4300000208DF8050001208DF80600FFE79DF80B
:10E44000060001284CDBFFE740F6B411C2F20041A0
:10E450008869898B0022F8F76FFD9DF806009DF80A
:10E46000071008420AD0FFE740F6B411C2F200419B
:10E47000886889890122F8F75FFD09E040F6B41148
:10E48000C2F20041886889890022F8F755FDFFE74C
:10E490009FED1A0AF3F720FC40F6B411C2F20041D6
:10E4A00000918869898B0122F8F746FD0099086878
:10E4B0008988F8F729FD40B1FFE79DF806109DF81F
:10E4C000050008438DF80500FFE79FED0C0AF3F700
:10E4D00003FCFFE79DF8060040008DF80600AEE75C
:10E4E00040F6B411C2F20041886889890122F8F728
:10E4F00023FD9DF8050002B080BD00BFBD37863703
:10E5000080B584B0039009F0A3F940F6B411C2F2CB
:10E5100000410869898A00220192F8F70DFD0198EF
:10E520008DF80B00FFE79DF80B00082819DCFFE7CA
:10E5300003989DF80B10084490F82C00FFF774FF27
:10E5400003999DF80B20114481F835009FED2B0AAB
:10E55000F3F7C2FBFFE79DF80B0001308DF80B00CD
:10E56000E1E740F6B411C2F200410869898A01224C
:10E57000F8F7E2FC09F098F9039991F8360081F870
:10E580002000039991F83800C04381F821000399D5
:10E5900091F83900C04381F82200039890F82000D8
:10E5A000732817D1FFE7039991F83A0080388884DF
:10E5B000039991F83B00C0F17F00C884039991F85A
:10E5C0003C0080380885039991F83D00C0F17F0038
:10E5D000488510E0039991F83A008884039991F8EE
:10E5E0003B00C884039991F83C000885039991F891
:10E5F0003D004885FFE704B080BD00BFBD378637CA
:10E6000080B582B00190FFE700F002F8FCE700005F
:10E6100080B582B0FFE740F6B410C2F2004000902F
:10E62000FFF76EFF009840F69801C2F20041019199
:10E63000FFF7C2FE00980199FFF7EAFD1E2008F0DF
:10E640009BFBE8E700000000000000000000000065
:10E65000EFF30980BFF36F8F154B1A681EF0100F90
:10E6600008BF20ED108A20E9F04F10602DE9090065
:10E670004FF0500080F31188BFF34F8FBFF36F8FBF
:10E6800009F056FA4FF0000080F31188BDE8090048
:10E6900019680868B0E8F04F1EF0100F08BFB0EC22
:10E6A000108A80F30988BFF36F8F704700BF00BFE7
:10E6B000C03100240000000080B586B004900391B2
:10E6C00000208DF8070044F22840C5F602000068DB
:10E6D00000F00300032804D1FFE701208DF81700A4
:10E6E000CBE044F20041C5F60201086820F08060EA
:10E6F0000860F8F739FC0290FFE744F20040C5F6E5
:10E700000200006800F000610020B0EBD16F0CD077
:10E71000FFE7F8F729FC0299401A032804D3FFE722
:10E7200003208DF81700A8E0E7E7FFE744F228414F
:10E73000C5F60201086820F47C30049A126840EAA9
:10E740000230086004994868D1F808C0CB680A69AB
:10E7500001386FF35F204FF60061CFF6FF7101EBD8
:10E760004C2189B208440021CFF6FF7101EB03412F
:10E7700001F4FE0108444FF07F4101EB026101F01A
:10E78000FE41084444F23841C5F602010860FFE743
:10E7900044F22C41C5F602010091086820F0C00047
:10E7A000049A526910430860086820F02000049A17
:10E7B000926910430860086820F01000086044F275
:10E7C0003C42C5F6020210684FF6F8739843049B6A
:10E7D000DB6940EAC3001060086840F01000086080
:10E7E000039848B9FFE744F22C41C5F602010868D6
:10E7F00040F40020086016E00398012809D1FFE7E3
:10E8000044F22C41C5F60201086840F4801008600B
:10E8100008E044F22C41C5F60201086840F40010FB
:10E820000860FFE7FFE744F20041C5F6020108680F
:10E8300040F080600860F8F797FB0290FFE744F231
:10E840000040C5F60200006800F000610020B0EB57
:10E85000D16F0CD1FFE7F8F787FB0299401A032824
:10E8600004D3FFE703208DF8170006E0E7E7FFE792
:10E870009DF807008DF81700FFE79DF8170006B018
:10E8800080BD00000000000080B586B004900391B8
:10E8900000208DF8070044F22840C5F60200006809
:10E8A00000F00300032804D1FFE701208DF81700D2
:10E8B000CBE044F20041C5F60201086820F0805028
:10E8C0000860F8F751FB0290FFE744F20040C5F6FC
:10E8D0000200006800F000510020B0EB517F0CD026
:10E8E000FFE7F8F741FB0299401A032804D3FFE73A
:10E8F00003208DF81700A8E0E7E7FFE744F228417E
:10E90000C5F60201086820F07C70049A126840EA9B
:10E910000250086004994868D1F808C0CB680A69B9
:10E9200001386FF35F204FF60061CFF6FF7101EB06
:10E930004C2189B208440021CFF6FF7101EB03415D
:10E9400001F4FE0108444FF07F4101EB026101F048
:10E95000FE41084444F24041C5F602010860FFE769
:10E9600044F22C41C5F602010091086820F4406091
:10E97000049A526910430860086820F40070049AF1
:10E98000926910430860086820F48070086044F2BF
:10E990004442C5F6020210684FF6F8739843049B90
:10E9A000DB6940EAC3001060086840F480700860CA
:10E9B000039848B9FFE744F22C41C5F60201086804
:10E9C00040F48000086016E00398012809D1FFE7B1
:10E9D00044F22C41C5F60201086840F400000860CA
:10E9E00008E044F22C41C5F60201086840F080704E
:10E9F0000860FFE7FFE744F20041C5F6020108683E
:10EA000040F080500860F8F7AFFA0290FFE744F258
:10EA10000040C5F60200006800F000510020B0EB95
:10EA2000517F0CD1FFE7F8F79FFA0299401A0328AB
:10EA300004D3FFE703208DF8170006E0E7E7FFE7C0
:10EA40009DF807008DF81700FFE79DF8170006B046
:10EA500080BD00000000000082B001900020ADF8F1
:10EA600002008DF80100FFE79DF801000C2810D886
:10EA7000FFE701989DF80110415CBDF802000844D1
:10EA8000ADF80200FFE79DF8010001308DF80100AC
:10EA9000EAE79DF8020002B07047000000000000A5
:10EAA00082B001900091019818B1FFE7009808B971
:10EAB000FFE78BE0019800780199497840EA01204E
:10EAC0006FF3DF200099088001984078C008019911
:10EAD000897840EA41106FF3DF200099488001985F
:10EAE000807880090199C97840EA81000199097903
:10EAF00040EA81206FF3DF20009988800198007937
:10EB000040080199497940EAC1106FF3DF2000996C
:10EB1000C8800198007C0199497C40EA01206FF38C
:10EB2000DF20009908810198407980090099887256
:10EB300001984079C0F301100099C872019880795A
:10EB40000199C97940EA0120009988810198007AE9
:10EB50000199497A40EA01200099C8810198807A98
:10EB60000199C97A40EA0120009908820198007B46
:10EB7000009988740198407B0099C8740198807B43
:10EB80000199C97B40EA0120009988820099088890
:10EB9000A0F58060088000994888A0F580604880D2
:10EBA00000998888A0F5806088800099C888A0F5C1
:10EBB0008060C88000990889A0F58060088100996C
:10EBC000FA200877009900208875FFE702B07047A7
:10EBD00080B542F6E460C2F20040FCF7D1F980BD96
:10EBE00082B0019001980068406900900198016826
:10EBF000886940F00800886101980168886940F0E0
:10EC00001000886101980168086820F00100086020
:10EC100001980168086940F26F32904308610198D9
:10EC20000168886820F440408860019890F881006D
:10EC3000042815D0FFE79DF80000800600280ED5B7
:10EC4000FFE70199D1F8840040F08000C1F884000A
:10EC500001980168886940F020008861FFE7FFE7BC
:10EC6000019890F88100032815D0FFE79DF8000077
:10EC7000400600280ED5FFE70199D1F8840040F046
:10EC80000400C1F8840001980168886940F04000E0
:10EC90008861FFE7FFE79DF80100800700280ED597
:10ECA000FFE70199D1F8840040F00100C1F8840029
:10ECB00001980168886940F400708861FFE79DF859
:10ECC0000100C00770B1FFE70199D1F8840040F05E
:10ECD0000800C1F8840001980168886940F48070D8
:10ECE0008861FFE701990020A1F862000199A1F86D
:10ECF0006A0002B07047000080B582B001900198B0
:10ED0000806B009000990020A1F86A000099A1F89A
:10ED100062000099012081F881000098FCF72CF92D
:10ED200002B080BD0000000083B002900298C16B69
:10ED3000012000EB511001900298C0680130009052
:10ED400000980730C008009000980199484303B02C
:10ED5000704700000000000080B586B0DDF820C0DC
:10ED6000049003918DF80B200193FFE7049800684D
:10ED7000406903990840401AB0FA80F040099DF8B4
:10ED80000B10884214D1FFE7F8F7EEF80899401A03
:10ED90000199884204D3FFE70198013018B9FFE7D1
:10EDA000019820B9FFE703208DF8170004E0DDE7A4
:10EDB00000208DF81700FFE79DF8170006B080BD12
:10EDC000074B19680868B0E8F04F80F30988BFF373
:10EDD0006F8F4FF0000080F31188704700BF00BFB5
:10EDE000C03100240000000084B00390039800901C
:10EDF00000980078ADF80800009801300090009865
:10EE00000078ADF80600BDF80610BDF8080040EA2D
:10EE10000120ADF80A00BDF80A0004B070470000F8
:10EE200080B582B00190FEF72FFFFFE7012007F0C9
:10EE3000A3FFFBE70000000080B584B08DF80F0051
:10EE400002918DF807209DF80F00014600910128DE
:10EE500004D0FFE7009802280AD014E002999DF838
:10EE6000072040F69800C2F2004000F011F80AE0D6
:10EE700002999DF8072040F69800C2F200406830E1
:10EE800000F006F8FFE704B080BD000000000000BD
:10EE900080B584B0039002918DF807209DF807009B
:10EEA00001460091062800F09A80FFE7009822288A
:10EEB00000F0AA80FFE7009843281CD0FFE70098E5
:10EEC0004C2800F0E080FFE700989A2800F0958039
:10EED000FFE70098F32874D0FFE70098F62877D072
:10EEE000FFE70098FD2800F08180FFE70098FE28EA
:10EEF00000F0D080D5E002980078039981F82400D2
:10EF00000298408800EE100AB8EE400A039880ED9F
:10EF10000A0A0298808800EE100AB8EE400A0398A8
:10EF200080ED0B0A0298C08800EE100AB8EE400A85
:10EF30009FED5D2A20EE020A9FED5C1A80EE010A29
:10EF4000039880ED0C0A029890ED030AB8EE400A8F
:10EF500020EE020A80EE010A039880ED0D0A029865
:10EF6000408A00EE100AB8EE400A039880ED0E0ABF
:10EF7000029890ED060AB8EE400A20EE020A80EEF2
:10EF8000010A039880ED0F0A029890ED080AB8EE86
:10EF9000400A20EE020A80EE010A039880ED100A72
:10EFA0000298039900F024FA029890F8240003993B
:10EFB00081F84400029890F82500039981F84500F3
:10EFC00070E0029890F83700039981F8460069E0F4
:10EFD000029890F83700039981F8460062E00298A1
:10EFE00090F83800039981F847005BE0029890F8A8
:10EFF0003900039981F8480054E0029890F83A00EB
:10F00000039981F849004DE0029890F82600039991
:10F0100081F84C00029890F82700039981F84D0080
:10F02000029890ED0B0AB8EE400A039880ED140A9E
:10F030000298008D00EE100AB8EE400A039880EDA9
:10F04000150A0298008E00EE100AB8EE400A0398E6
:10F0500080ED160A0298408E00EE100AB8EE400AC3
:10F06000039880ED170A0298808E00EE100AB8EE21
:10F07000400A039880ED180A029890F83600039928
:10F0800081F864000EE0029890F83B00039981F843
:10F090004A0007E0029890F83C00039981F84B0081
:10F0A00000E0FFE704B080BD0000B44300008047EB
:10F0B00080B584B003908DF80B100192039800790D
:10F0C00040F66841C2F200410870F3204870AB205E
:10F0D00088709DF80B00C870002008716B20487183
:10F0E00043F20400C2F200400622FEF73DF9019807
:10F0F00007F042FE04B080BD80B584B00390ADF847
:10F100000A108DF809200193BDF90A00002808D4DF
:10F11000FFE700208DF80100BDF80A00ADF80200FD
:10F1200008E001208DF80100BDF80A004042ADF86A
:10F130000200FFE70398007940F66E41C2F20041F9
:10F140000870F62048709DF8010088709DF8030053
:10F15000C870BDF8020008719DF8090048710020D0
:10F1600088716B20C87143F20400C2F2004008228B
:10F17000FEF7FAF8019807F0FFFD04B080BD00002B
:10F1800080B584B0039002910398007802990870CA
:10F190000398407801460191062800F09180FFE72E
:10F1A0000198222800F0BF80FFE70198432818D07B
:10F1B000FFE701984C2800F0F380FFE701989A28B8
:10F1C00000F0A080FFE70198F32868D0FFE70198DE
:10F1D000FD2800F08680FFE70198FE2800F0F1800E
:10F1E00000E1039880781F2858D1FFE70398C07882
:10F1F000092853D1FFE70398807F6B284DD1FFE7A3
:10F2000003980179407940EA0120029948800398E7
:10F210008179C07940EA0120029988800398017AB7
:10F22000407A40EA01200299C8800398807A0299C6
:10F2300008720398D0F80B0000BA0299C8600398CE
:10F24000C07B029908740398017C407C40EA01204D
:10F25000029948820398807C029908750398D0F837
:10F26000130000BA029988610398C07D029908775B
:10F270000398806900BA029908620398007F029996
:10F2800081F824000398407F029981F825000299B3
:10F2900008784322FFF7D0FDFFE7FFE7A3E00398DC
:10F2A000C0786B280BD1FFE703988078029981F82A
:10F2B000370002990878F322FFF7BEFDFFE792E0DE
:10F2C0000398C0786B280BD1FFE7039880780299E8
:10F2D00081F83800029908780622FFF7ADFDFFE7B4
:10F2E00081E00398C0786B280BD1FFE70398807802
:10F2F000029981F8390002990878FD22FFF79CFDF8
:10F30000FFE770E00398C0786B280BD1FFE7039804
:10F310008078029981F83A00029908789A22FFF7DA
:10F320008BFDFFE75FE00398407C6B2837D1FFE758
:10F3300003988078029981F826000398C078029992
:10F3400081F8270003980179407940EA0120029969
:10F3500008850398D0F8060000BA0299C86203989D
:10F36000817AC07A40EA0120029908860398017BDD
:10F37000407B40EA0120029948860398817BC07B4C
:10F3800040EA0120029988860398007C029981F85E
:10F390003600029908782222FFF74EFDFFE722E0AF
:10F3A0000398C0786B280BD1FFE703988078029907
:10F3B00081F83B00029908784C22FFF73DFDFFE7FA
:10F3C00011E00398C0786B280BD1FFE70398807891
:10F3D000029981F83C0002990878FE22FFF72CFD83
:10F3E000FFE700E0FFE704B080BD00000000000080
:10F3F00082B0019000910198007A012808D1FFE7BE
:10F40000009890ED0D0AB1EE400A80ED0D0AFFE77D
:10F410000198007C012808D1FFE7009890ED0E0AC2
:10F42000B1EE400A80ED0E0AFFE70198007D012849
:10F4300008D1FFE7009890ED0F0AB1EE400A80ED89
:10F440000F0AFFE70198007F012808D1FFE7009825
:10F4500090ED100AB1EE400A80ED100AFFE702B00D
:10F46000704700000000000080B582B04FF05000EF
:10F4700080F31188BFF36F8FBFF34F8F009008F0B8
:10F48000AFFC40B1FFE74EF60451CEF200014FF061
:10F4900080500860FFE700200190019880F31188F8
:10F4A00002B080BD0000000080B59EB00BA84C21CA
:10F4B000F0F772FF002001900A90099008900790E1
:10F4C00006900590049003900220F9F755F8FFE7A5
:10F4D0000020029044F61800C5F60200016821F4ED
:10F4E00040410160006800F4404002900298FFE74C
:10F4F000FFE744F61800C5F60200006800F400506B
:10F50000B0F5005F01D0FFE7F3E721200B904FF447
:10F5100080300C90012011900221149115911691C8
:10F52000282117911890042019901A900C201B90F4
:10F5300000201C901D900BA8FAF7A6FF18B1FFE75A
:10F54000F2F73EFDFFE73F200390032104910020E6
:10F550000590082006904020079008904FF48062A4
:10F5600009920A9003A8FAF723FB18B1FFE7F2F714
:10F5700027FDFFE71EB080BD4EF68851CEF2000198
:10F58000086840F47000086042F20000C5F20020F4
:10F59000006800F00F0006280AD8FFE742F20001D9
:10F5A000C5F200210868072262F303000860FFE744
:10F5B00044F20041C5F60201086840F0010008600D
:10F5C00044F21042C5F602020020106008684EF6B0
:10F5D0007F52CEF6F6221040086042F20000C5F2DB
:10F5E0000020006800F00F0008280AD3FFE742F26D
:10F5F0000001C5F200210868072262F303000860D9
:10F60000FFE744F21841C5F602010020086044F209
:10F610001C41C5F60201086044F22041C5F6020112
:10F62000086044F22842C5F6020240F20021C0F20E
:10F630000221116044F22C42C5F602020021C0F200
:10F64000FF11116044F23042C5F6020240F28021FF
:10F65000C0F20111116044F23442C5F6020210609A
:10F6600044F23842C5F60202116044F23C42C5F64B
:10F670000202106044F24042C5F60202116044F2F8
:10F680004441C5F60201086044F20042C5F6020298
:10F69000116821F48021116044F26041C5F6020135
:10F6A000086044F20001C5F2002143F2D200086074
:10F6B000704700000000000080B542F66C70C2F296
:10F6C0000040FCF779FC80BD83B002900191029864
:10F6D0000068009002980021C4F20101884225D000
:10F6E000FFE70298B0F1804F20D0FFE7029840F288
:10F6F0000041C4F20001884218D0FFE7029840F6AA
:10F700000001C4F20001884210D0FFE7029840F6E1
:10F710000041C4F20001884208D0FFE7029840F29D
:10F720000041C4F2010188420AD1FFE7009820F0AD
:10F730007000009001984168009808430090FFE72E
:10F7400002980021C4F2010188424DD0FFE70298DF
:10F75000B0F1804F48D0FFE7029840F20041C4F278
:10F760000001884240D0FFE7029840F60001C4F251
:10F770000001884238D0FFE7029840F60041C4F209
:10F780000001884230D0FFE7029840F20041C4F205
:10F790000101884228D0FFE7029844F20001C4F238
:10F7A0000101884220D0FFE7029844F20041C4F2F0
:10F7B0000101884218D0FFE7029844F60001C4F224
:10F7C0000101884210D0FFE702984EF20001C4F216
:10F7D0000001884208D0FFE702984EF20041C4F2CF
:10F7E000000188420AD1FFE7009820F440700090A1
:10F7F0000198C168009808430090FFE7009820F046
:10F8000080000199496908430090009802990860B6
:10F81000019880680299C86201980068029988621C
:10F8200002980021C4F20101884220D0FFE702982B
:10F8300040F20041C4F20101884218D0FFE702986B
:10F8400044F20001C4F20101884210D0FFE702989F
:10F8500044F20041C4F20101884208D0FFE7029857
:10F8600044F60001C4F20101884205D1FFE7019886
:10F87000006902990863FFE702990120486103B01B
:10F88000704700000000000085B0049003910499C7
:10F89000086A20F0010008620498006A0190049848
:10F8A0004068009004988069029002984FF68F712A
:10F8B000CFF6FE7108400290029820F003000290FB
:10F8C00003980168029808430290019820F0020012
:10F8D00001900398816801980843019004980021E1
:10F8E000C4F20101884220D0FFE7049840F20041B1
:10F8F000C4F20101884218D0FFE7049844F20001E5
:10F90000C4F20101884210D0FFE7049844F200419C
:10F91000C4F20101884208D0FFE7049844F60001D0
:10F92000C4F2010188420ED1FFE7019820F00800DF
:10F9300001900398C168019808430190019820F054
:10F9400004000190FFE704980021C4F201018842FD
:10F9500020D0FFE7049840F20041C4F20101884240
:10F9600018D0FFE7049844F20001C4F20101884274
:10F9700010D0FFE7049844F20041C4F2010188422C
:10F9800008D0FFE7049844F60001C4F20101884260
:10F9900013D1FFE7009820F480700090009820F4C5
:10F9A0000070009003984169009808430090039804
:10F9B0008169009808430090FFE700980499486027
:10F9C00002980499886103984068049948630198F3
:10F9D0000499086205B0704785B0049003910499BA
:10F9E000086A20F0100008620498006A01900498E8
:10F9F00040680090049880690290029848F6FF7170
:10FA0000CFF6FF6108400290029820F44070029007
:10FA100003980168029840EA01200290019820F0C2
:10FA20002000019003988168019840EA011001903C
:10FA300004980021C4F20101884229D0FFE704980C
:10FA400040F20041C4F20101884221D0FFE704984E
:10FA500044F20001C4F20101884203D1FFE7002013
:10FA6000B0B9FFE7049844F20041C4F201018842B2
:10FA700003D1FFE7002058B9FFE7049844F60001DE
:10FA8000C4F20101884212D1FFE7012078B9FFE7F3
:10FA9000019820F0800001900398C168019840EA25
:10FAA00001100190019820F040000190FFE70498B8
:10FAB0000021C4F20101884220D0FFE7049840F2FF
:10FAC0000041C4F20101884218D0FFE7049844F2D3
:10FAD0000001C4F20101884210D0FFE7049844F20B
:10FAE0000041C4F20101884208D0FFE7049844F6BF
:10FAF0000001C4F20101884215D1FFE7009820F40B
:10FB000080600090009820F40060009003984169A4
:10FB1000009840EA8100009003988169009840EACB
:10FB200081000090FFE700980499486002980499CA
:10FB30008861039840680499886301980499086271
:10FB400005B070470000000085B00490039104994F
:10FB5000086A20F4807008620498006A0190049892
:10FB6000406800900498C069029002984FF68F7127
:10FB7000CFF6FE7108400290029820F00300029038
:10FB800003980168029808430290019820F40070DD
:10FB9000019003988168019840EA0120019004983F
:10FBA0000021C4F20101884229D0FFE7049840F205
:10FBB0000041C4F20101884221D0FFE7049844F2D9
:10FBC0000001C4F20101884203D1FFE70020B0B96F
:10FBD000FFE7049844F20041C4F20101884203D1D6
:10FBE000FFE7002058B9FFE7049844F60001C4F28B
:10FBF0000101884212D1FFE7012078B9FFE701989F
:10FC000020F4006001900398C168019840EA012047
:10FC10000190019820F480600190FFE70498002192
:10FC2000C4F20101884220D0FFE7049840F200416D
:10FC3000C4F20101884218D0FFE7049844F20001A1
:10FC4000C4F20101884210D0FFE7049844F2004159
:10FC5000C4F20101884208D0FFE7049844F600018D
:10FC6000C4F20101884215D1FFE7009820F48050CA
:10FC70000090009820F4005000900398416900988B
:10FC800040EA0110009003988169009840EA011051
:10FC90000090FFE700980499486002980499C861B1
:10FCA000039840680499C86301980499086205B0F4
:10FCB000704700000000000085B004900391049993
:10FCC000086A20F4805008620498006A0190049841
:10FCD000406800900498C0690290029848F6FF714D
:10FCE000CFF6FF6108400290029820F44070029025
:10FCF00003980168029840EA01200290019820F4DC
:10FD00000050019003988168019840EA0130019009
:10FD100004980021C4F20101884220D0FFE7049832
:10FD200040F20041C4F20101884218D0FFE7049874
:10FD300044F20001C4F20101884210D0FFE70498A8
:10FD400044F20041C4F20101884208D0FFE7049860
:10FD500044F60001C4F2010188420BD1FFE700988C
:10FD600020F48040009003984169009840EA811097
:10FD70000090FFE700980499486002980499C861D0
:10FD8000039840680499086401980499086205B0D2
:10FD9000704700000000000085B0049003910499B2
:10FDA000086A20F4803008620498006A0190049880
:10FDB000406800900498406D029002984FF68F7151
:10FDC000CFF6FE710840029003980168029808433C
:10FDD0000290019820F40030019003988168019806
:10FDE00040EA0140019004980021C4F201018842D8
:10FDF00020D0FFE7049840F20041C4F2010188429C
:10FE000018D0FFE7049844F20001C4F201018842CF
:10FE100010D0FFE7049844F20041C4F20101884287
:10FE200008D0FFE7049844F60001C4F201018842BB
:10FE30000BD1FFE7009820F48030009003984169CF
:10FE4000009840EA01200090FFE70098049948607C
:10FE50000298049948650398406804998865019858
:10FE60000499086205B0704785B004900391049925
:10FE7000086A20F4801008620498006A01900498CF
:10FE8000406800900498406D0290029848F6FF7117
:10FE9000CFF6FF610840029003980168029840EA9B
:10FEA00001200290019820F40010019003988168CD
:10FEB000019840EA0150019004980021C4F2010128
:10FEC000884220D0FFE7049840F20041C4F20101CB
:10FED000884218D0FFE7049844F20001C4F20101FF
:10FEE000884210D0FFE7049844F20041C4F20101B7
:10FEF000884208D0FFE7049844F60001C4F20101EB
:10FF000088420BD1FFE7009820F4802000900398EE
:10FF10004169009840EA81200090FFE70098049929
:10FF20004860029804994865039840680499C86538
:10FF300001980499086205B07047000000000000B5
:10FF400082B0019000208DF803008DF80200FFE7D9
:10FF50009DF80200142810D8FFE701989DF80210C0
:10FF6000415C9DF8030048408DF80300FFE79DF8D1
:10FF7000020001308DF80200EAE79DF8030002B0AC
:10FF8000704700000000000080B543F22C10C2F260
:10FF90000040FCF71DFC80BD82B001900198406ECE
:10FFA00040B9FFE701990120A1F86A000199A1F881
:10FFB000680032E010208DF803008DF802000198EF
:10FFC00000688068C0F342608DF801000198006805
:10FFD0008068400F8DF800009DF802009DF8002019
:10FFE00048F22C23C0F60103995C484348F22421CF
:10FFF000C0F601018A5CB0FBF2F0019AA2F86A0037
:020000040801F1
:100000009DF803009DF801209B5C5843895CB0FB80
:10001000F1F00199A1F86800FFE702B07047000015
:1000200081B00090009890F82800C00758B1FFE711
:1000300000980068406820F40030009A1168D26A85
:1000400010434860FFE7009890F8280080070028D8
:100050000BD5FFE700980068406820F48030009AD4
:100060001168126B10434860FFE7009890F8280071
:10007000400700280BD5FFE700980068406820F48F
:100080008020009A1168526B10434860FFE7009887
:1000900090F82800000700280BD5FFE700980068BB
:1000A000406820F40040009A1168926B1043486049
:1000B000FFE7009890F82800C00600280BD5FFE75E
:1000C00000980068806820F48050009A1168D26B14
:1000D00010438860FFE7009890F828008006002809
:1000E0000BD5FFE700980068806820F40050009A64
:1000F0001168126C10438860FFE7009890F82800A0
:10010000400600281CD5FFE700980068406820F4EE
:100110008010009A1168526C104348600098406C3F
:10012000B0F5801F0BD1FFE700980068406820F40D
:10013000C000009A1168926C10434860FFE7FFE727
:10014000009890F82800000600280BD5FFE70098DB
:100150000068406820F40020009A1168D26C1043B7
:100160004860FFE701B0704780B588B006900699F7
:100170000020C1F89000F6F7F7FE05900698006899
:100180000068000700282FD5FFE70698059B6A4600
:100190006FF07E4111604FF40011002200F0F4FE78
:1001A00008B3FFE7FFE7FFE70698006850E8000F95
:1001B00020F080000490FFE704990698026842E866
:1001C00000100028F0D1FFE7FFE706992020C1F8D2
:1001D0008800FFE70699002081F88400FFE70320EC
:1001E0008DF81F005FE0FFE7069800680068400791
:1001F000002842D5FFE70698059B6A466FF07E41CE
:1002000011604FF48001002200F0BEFEA0B3FFE7B2
:10021000FFE7FFE70698006850E8000F20F49070B1
:100220000390FFE703990698026842E8001000284F
:10023000F0D1FFE7FFE7FFE7FFE70698006850E827
:10024000020F20F001000290FFE702990698026871
:1002500042E802100028F0D1FFE7FFE706992020CE
:10026000C1F88C00FFE70699002081F88400FFE7C1
:1002700003208DF81F0016E0FFE706992020C1F843
:1002800088000699C1F88C0006990020C866069976
:100290000867FFE70699002081F88400FFE7002047
:1002A0008DF81F00FFE79DF81F0008B080BD00001B
:1002B00080B582B001900198806B00900099002079
:1002C000A1F85E000099A1F856000098FCF77CFAAE
:1002D00002B080BD0000000080B584B00390039898
:1002E000806B02900298D0F8880001900298D0F8B4
:1002F0008C000090029800688068000600280CD5E9
:10030000FFE70198212808D1FFE702990020A1F812
:100310005600029800F0E0F8FFE702980068806855
:10032000400600280CD5FFE70098222808D1FFE7F7
:1003300002990020A1F85E00029800F059F8FFE74A
:100340000299D1F8900040F01000C1F89000029896
:10035000FCF73AFA04B080BD80B584B003900398EE
:10036000806B02900398C069B0F5807F2BD0FFE7C7
:1003700002990020A1F85600FFE7FFE70298006805
:1003800050E8020F20F080000190FFE701990298E9
:10039000026842E802100028F0D1FFE7FFE7FFE71C
:1003A000FFE70298006850E8000F40F0400000901E
:1003B000FFE700990298026842E800100028F0D197
:1003C000FFE7FFE703E00298FDF752F8FFE704B00C
:1003D00080BD00000000000080B582B0019001984F
:1003E000806B00900098FDF747F802B080BD0000D8
:1003F00084B00390FFE7FFE70398006850E8000F20
:1004000020F490700290FFE702990398026842E896
:1004100000100028F0D1FFE7FFE7FFE7FFE70398B0
:10042000006850E8020F4FF6FE71CEF6FF710840EB
:100430000190FFE701990398026842E80210002842
:10044000EDD1FFE7FFE70398C06E012814D1FFE765
:10045000FFE7FFE70398006850E8000F20F0100066
:100460000090FFE700990398026842E80010002816
:10047000F0D1FFE7FFE7FFE703992020C1F88C00E8
:1004800003990020C8660399486704B070470000CC
:1004900080B582B00190FFE7FFE70198006850E85F
:1004A000000F20F040000090FFE7009901980268DB
:1004B00042E800100028F0D1FFE7FFE70199202073
:1004C000C1F888000199002088670198FCF7D0FFE7
:1004D00002B080BD0000000083B00290FFE7FFE79C
:1004E0000298006850E8000F20F0C0000190FFE77C
:1004F00001990298026842E800100028F0D1FFE755
:10050000FFE7FFE7FFE70298006850E8020F20F4DA
:1005100000000090FFE700990298026842E802108C
:100520000028F0D1FFE7FFE702992020C1F88800FA
:1005300003B070470000000080B59EB01D90002001
:100540008DF867001D98006840F60041C5F600016F
:10055000884201D1FFE700E0FFE71D9988680B6939
:100560004A69C9691843104308431C901D980068E4
:10057000006846F6F311CCF6FF7108401C99084359
:100580001D99096808601D980068406820F4405073
:100590001D9A1168D268104348601D9880691C90AC
:1005A0001D98006840F60041C5F60001884206D05B
:1005B000FFE71D98016A1C9808431C90FFE71D98EF
:1005C000006880684FF2FF41C1F2FF1108401C999A
:1005D00008431D99096888601D980068C06A20F06A
:1005E0000F001D9A1168526A1043C862FFE71D98F8
:1005F000006841F20001C4F20101884240F04180EC
:10060000FFE744F25440C5F60200006800F03800ED
:100610000146109128282FD81099DFE801F0152DF8
:100620002D2D2D2D2D2D192D2D2D2D2D2D2D1D2D1E
:100630002D2D2D2D2D2D212D2D2D2D2D2D2D252DFE
:100640002D2D2D2D2D2D290001208DF86D0017E069
:1006500004208DF86D0013E008208DF86D000FE088
:1006600010208DF86D000BE020208DF86D0007E064
:1006700040208DF86D0003E080208DF86D00FFE7CD
:100680006CE21D98006844F20041C4F20001884207
:100690002ED1FFE744F25440C5F60200006800F096
:1006A000070001460F9105281DD80F99DFE801F0DA
:1006B00003070B0F131700208DF86D0017E00420BF
:1006C0008DF86D0013E008208DF86D000FE010200C
:1006D0008DF86D000BE020208DF86D0007E04020C4
:1006E0008DF86D0003E080208DF86D00FFE734E2A7
:1006F0001D98006844F60001C4F2000188422ED122
:10070000FFE744F25440C5F60200006800F007001D
:1007100001460E9105281DD80E99DFE801F0030768
:100720000B0F131700208DF86D0017E004208DF8D3
:100730006D0013E008208DF86D000FE010208DF89B
:100740006D000BE020208DF86D0007E040208DF853
:100750006D0003E080208DF86D00FFE7FCE11D983F
:10076000006844F60041C4F2000188422ED1FFE740
:1007700044F25440C5F60200006800F0070001464C
:100780000D9105281DD80D99DFE801F003070B0F27
:10079000131700208DF86D0017E004208DF86D0010
:1007A00013E008208DF86D000FE010208DF86D002B
:1007B0000BE020208DF86D0007E040208DF86D00E3
:1007C00003E080208DF86D00FFE7C4E11D9800680C
:1007D00045F20001C4F2000188422ED1FFE744F245
:1007E0005440C5F60200006800F0070001460C9175
:1007F00005281DD80C99DFE801F003070B0F13172C
:1008000000208DF86D0017E004208DF86D0013E0D6
:1008100008208DF86D000FE010208DF86D000BE0C2
:1008200020208DF86D0007E040208DF86D0003E07A
:1008300080208DF86D00FFE78CE11D98006841F283
:100840000041C4F20101884240F04180FFE744F2D8
:100850005440C5F60200006800F0380001460B91D4
:1008600028282FD80B99DFE801F0152D2D2D2D2DDF
:100870002D2D192D2D2D2D2D2D2D1D2D2D2D2D2DCC
:100880002D2D212D2D2D2D2D2D2D252D2D2D2D2DAC
:100890002D2D290001208DF86D0017E004208DF822
:1008A0006D0013E008208DF86D000FE010208DF82A
:1008B0006D000BE020208DF86D0007E040208DF8E2
:1008C0006D0003E080208DF86D00FFE741E11D9889
:1008D000006847F60001C4F2000188422ED1FFE70C
:1008E00044F25440C5F60200006800F007000146DB
:1008F0000A9105281DD80A99DFE801F003070B0FBC
:10090000131700208DF86D0017E004208DF86D009E
:1009100013E008208DF86D000FE010208DF86D00B9
:100920000BE020208DF86D0007E040208DF86D0071
:1009300003E080208DF86D00FFE709E11D98006855
:1009400047F60041C4F2000188422ED1FFE744F28D
:100950005440C5F60200006800F007000146099106
:1009600005281DD80999DFE801F003070B0F1317BD
:1009700000208DF86D0017E004208DF86D0013E065
:1009800008208DF86D000FE010208DF86D000BE051
:1009900020208DF86D0007E040208DF86D0003E009
:1009A00080208DF86D00FFE7D1E01D98006841F6CA
:1009B0000001C4F20101884240F04180FFE744F2A7
:1009C0005440C5F60200006800F038000146089166
:1009D00028282FD80899DFE801F0152D2D2D2D2D71
:1009E0002D2D192D2D2D2D2D2D2D1D2D2D2D2D2D5B
:1009F0002D2D212D2D2D2D2D2D2D252D2D2D2D2D3B
:100A00002D2D290001208DF86D0017E004208DF8B0
:100A10006D0013E008208DF86D000FE010208DF8B8
:100A20006D000BE020208DF86D0007E040208DF870
:100A30006D0003E080208DF86D00FFE786E01D98D3
:100A4000006841F60041C4F20101884240F0418053
:100A5000FFE744F25440C5F60200006800F0380099
:100A60000146079128282FD80799DFE801F0152DB6
:100A70002D2D2D2D2D2D192D2D2D2D2D2D2D1D2DCA
:100A80002D2D2D2D2D2D212D2D2D2D2D2D2D252DAA
:100A90002D2D2D2D2D2D290001208DF86D0017E015
:100AA00004208DF86D0013E008208DF86D000FE034
:100AB00010208DF86D000BE020208DF86D0007E010
:100AC00040208DF86D0003E080208DF86D00FFE779
:100AD0003BE01D98006840F60041C5F600018842E1
:100AE0002ED1FFE744F25840C5F60200006800F03E
:100AF00007000146069105281DD80699DFE801F098
:100B000003070B0F131702208DF86D0017E0042068
:100B10008DF86D0013E008208DF86D000FE01020B7
:100B20008DF86D000BE020208DF86D0007E040206F
:100B30008DF86D0003E080208DF86D00FFE703E085
:100B400080208DF86D00FFE7FFE7FFE7FFE7FFE795
:100B5000FFE7FFE7FFE7FFE7FFE7FFE7FFE71D9896
:100B6000006840F60041C5F60001884240F0B480BC
:100B7000FFE79DF86D0001460591022814D0FFE7BC
:100B80000598042814D0FFE70598082816D0FFE739
:100B90000598102818D0FFE70598202835D0FFE7E2
:100BA0000598402837D03AE0F7F746FD11903CE031
:100BB00015A8F7F755FD1698119036E012A8F7F72B
:100BC000A7FE1398119030E044F20040C5F60200F1
:100BD000006800F020010020B0EB511F0ED0FFE7AD
:100BE00044F20040C5F602000068C0F3C10149F2BA
:100BF0000000C0F2D030C840119005E049F200007A
:100C0000C0F2D0301190FFE70FE040F60010C0F2C4
:100C10003D00119009E04FF40040119005E00020E4
:100C2000119001208DF86700FFE71198002852D03D
:100C3000FFE711981D994A6A48F23421C0F6010174
:100C400031F81210B0FBF1F0189018981D9949680E
:100C500001EB4101884207D3FFE718981D994968C5
:100C6000B0EB013F04D9FFE701208DF8670031E0C8
:100C700011981D994A6803924A6A48F23421C0F6D5
:100C8000010131F81220002304931946EFF73AFBD3
:100C9000039A049B090241EA1061000210EB520022
:100CA00041F10001EFF72EFB1A901A98B0F5407F42
:100CB0000BD3FFE71A990020B0EB115F05D1FFE7D6
:100CC0001A981D990968C86003E001208DF8670033
:100CD000FFE7FFE7FFE746E11D98C069B0F5004F69
:100CE00040F0A880FFE79DF86D0001460291402882
:100CF00000F263800299DFE801F02125606029603D
:100D000060602F606060606060603560606060603F
:100D100060606060606060606060566060606060DD
:100D200060606060606060606060606060606060C3
:100D3000606060606060606060605C00F9F7F4F9BA
:100D4000119040E0F9F704FA11903CE015A8F7F78C
:100D500087FC1698119036E012A8F7F7D9FD139882
:100D6000119030E044F20040C5F60200006800F047
:100D700020010020B0EB511F0ED0FFE744F20040ED
:100D8000C5F602000068C0F3C10149F20000C0F2DC
:100D9000D030C840119005E049F20000C0F2D030D8
:100DA0001190FFE70FE040F60010C0F23D001190F7
:100DB00009E04FF40040119005E00020119001205F
:100DC0008DF86700FFE7119898B3FFE711981D9A17
:100DD0005168536A48F23422C0F6010232F81320F7
:100DE000B0FBF2F0400000EB5100B0FBF1F01A90C4
:100DF0001A98102818D3FFE7BDF86A00A0B9FFE7DA
:100E00001A9820F00F00ADF86E001A9800F00E014D
:100E1000BDF86E0040EA5100ADF86E00BDF86E00FE
:100E20001D990968C86003E001208DF86700FFE79D
:100E3000FFE797E09DF86D0001460191402800F220
:100E400063800199DFE801F021256060296060601E
:100E50002F606060606060603560606060606060EE
:100E6000606060606060606056606060606060608C
:100E70006060606060606060606060606060606072
:100E800060606060606060605C00F9F74DF911902F
:100E900040E0F9F75DF911903CE015A8F7F7E0FBA9
:100EA0001698119036E012A8F7F732FD13981190BA
:100EB00030E044F20040C5F60200006800F0200176
:100EC0000020B0EB511F0ED0FFE744F20040C5F602
:100ED00002000068C0F3C10149F20000C0F2D03046
:100EE000C840119005E049F20000C0F2D0301190E6
:100EF000FFE70FE040F60010C0F23D00119009E05E
:100F00004FF40040119005E00020119001208DF871
:100F10006700FFE7119820B3FFE711981D9A516809
:100F2000536A48F23422C0F6010232F81320B0FBB3
:100F3000F2F000EB5100B0FBF1F01A901A98102873
:100F40000AD3FFE7BDF86A0030B9FFE7BDF86800D3
:100F50001D990968C86003E001208DF86700FFE76C
:100F6000FFE7FFE7FFE71D990120A1F86A001D993F
:100F7000A1F868001D99002048671D9988679DF8B1
:100F800067001EB080BD000080B586B0DDF820C0CF
:100F9000049003918DF80B200193FFE704980068FB
:100FA000C06903990840401AB0FA80F040099DF8E2
:100FB0000B1088425ED1FFE708980130002858D016
:100FC000FFE7F5F7D1FF0199401A0899884203D845
:100FD000FFE7089820B9FFE703208DF817004DE0E0
:100FE0000498006800684007002841D5FFE704988E
:100FF0000068C06900F008010120B0EBD10F16D1E4
:10100000FFE7049801680820009008620498FFF741
:10101000EFF900980499C1F89000FFE704990020C7
:1010200081F88400FFE701208DF8170026E004987E
:101030000068C06900F400610120B0EBD12F16D127
:10104000FFE7049801684FF4006008620498FFF716
:10105000CFF904992020C1F89000FFE704990020FF
:1010600081F88400FFE703208DF8170006E0FFE712
:10107000FFE793E700208DF81700FFE79DF81700C2
:1010800006B080BD0000000080B543F20400C2F24B
:101090000040FBF79DFB80BD80B543F29800C2F293
:1010A0000040FBF795FB80BD84B003900291019254
:1010B000009303990120C866009840000399A1F8A5
:1010C0005C0003980168886840F0400088600398DD
:1010D0000168086840F010000860FFE70398D0F846
:1010E000800000681021C4F20201884200F0A28052
:1010F000FFE70398D0F8800000682821C4F20201BD
:10110000884200F09780FFE70398D0F880000068DD
:101110004021C4F20201884200F08C80FFE703986E
:10112000D0F8800000685821C4F20201884200F023
:101130008180FFE70398D0F8800000687021C4F236
:101140000201884276D0FFE70398D0F8800000685B
:101150008821C4F2020188426CD0FFE70398D0F8DE
:1011600080000068A021C4F20201884262D0FFE73B
:101170000398D0F880000068B821C4F202018842C8
:1011800058D0FFE70398D0F88000006840F2104183
:10119000C4F2020188424DD0FFE70398D0F88000E6
:1011A000006840F22841C4F20201884242D0FFE7C1
:1011B0000398D0F88000006840F24041C4F2020178
:1011C000884237D0FFE70398D0F88000006840F2EB
:1011D0005841C4F2020188422CD0FFE70398D0F8AE
:1011E0008000006840F27041C4F20201884221D0C0
:1011F000FFE70398D0F88000006840F28841C4F20D
:101200000201884216D0FFE70398D0F880000068FA
:1012100040F2A041C4F2020188420BD0FFE70398DC
:10122000D0F88000006840F2B841C4F20201884260
:1012300009D1FFE70398D0F880000168086820F022
:101240000100086008E00398D0F880000168086891
:1012500020F001000860FFE7FFE70398D0F8800066
:1012600000680068C00700287FF438AFFFE70399E3
:101270000868D1F8801024300968886002980399C2
:10128000D1F880100968C86001980399D1F88010DE
:101290000968086100980399D1F8801009684860CE
:1012A0000398D0F880000168086840F48020086046
:1012B0000398D0F8800000681021C4F2020188422F
:1012C00000F0A280FFE70398D0F880000068282192
:1012D000C4F20201884200F09780FFE70398D0F83B
:1012E000800000684021C4F20201884200F08C8036
:1012F000FFE70398D0F8800000685821C4F202018B
:10130000884200F08180FFE70398D0F880000068F1
:101310007021C4F20201884276D0FFE70398D0F82A
:10132000800000688821C4F2020188426CD0FFE787
:101330000398D0F880000068A021C4F2020188421E
:1013400062D0FFE70398D0F880000068B821C4F2AB
:101350000201884258D0FFE70398D0F88000006867
:1013600040F21041C4F2020188424DD0FFE70398D9
:10137000D0F88000006840F22841C4F2020188429F
:1013800042D0FFE70398D0F88000006840F2404167
:10139000C4F20201884237D0FFE70398D0F88000FA
:1013A000006840F25841C4F2020188422CD0FFE7A5
:1013B0000398D0F88000006840F27041C4F2020146
:1013C000884221D0FFE70398D0F88000006840F2FF
:1013D0008841C4F20201884216D0FFE70398D0F892
:1013E0008000006840F2A041C4F2020188420BD0A4
:1013F000FFE70398D0F88000006840F2B841C4F2DB
:101400000201884209D1FFE70398D0F88000016803
:10141000086840F00100086008E00398D0F88000F8
:101420000168086840F001000860FFE704B07047F9
:1014300080B586B004908DF80F100498D0F8C802DB
:1014400001900498D0F8D41200EB8100D0F8C002CB
:1014500020B9FFE703208DF817005FE00498D0F86B
:10146000D41200EB8100D0F8C002029004989DF8DD
:101470000F1001F00F0101EB810100EB8100806989
:1014800040B3FFE704989DF80F1001F00F0101EB46
:10149000810200EB82008269019801EBC10100EB3F
:1014A0008100416CB2FBF1F000FB112090B9FFE725
:1014B00004989DF80F1001F00F0101EB810100EB82
:1014C00081000023836104989DF80F101A4601F0F3
:1014D000EFFD1FE002990020C1F814020498D0F833
:1014E000D41200EB8100D0F8C402006988B1FFE794
:1014F0000498D0F8D41200EB8100D0F8C40203693C
:101500000299D1F8080201F504719DF80F2098475F
:10151000FFE7FFE700208DF81700FFE79DF81700B1
:1015200006B080BD0000000080B584B002908DF848
:1015300007100298D0F8D41200EB8100D0F8C00256
:1015400000900298D0F8D41200EB8100D0F8C002CD
:1015500020B9FFE703208DF80F0019E002989DF8ED
:10156000071001F015FB0099C1F80C020298D0F8A1
:10157000D41200EB8100D0F8C402C2680099D1F8FF
:10158000040201F50371904700208DF80F00FFE77A
:101590009DF80F0004B080BD80B586B005908DF831
:1015A0001310059840F69101C2F2004100910978AC
:1015B00001F002F900990598097801F00F0101EB9B
:1015C000810100EB8101002003908884059840F69A
:1015D0009201C2F200410191097801F0EDF8019AFF
:1015E00003980599127802F00F0202EB820201EBD8
:1015F0008201A1F86401059840F69001C2F2004111
:101600000291097801F0D8F8029A039805991378A5
:1016100003F00F0303EB830301EB83018884059937
:10162000127802F00F0202EB820201EB8201C88401
:101630000598D0F8D41200EB8100D0F8C002F0B1C8
:10164000FFE70598D0F8D41200EB8100D0F8C4026F
:10165000406880470598D0F8D41200EB8100D0F89C
:10166000C00202F0D1F90598D0F8D41200EB810144
:101670000020C1F8C0020599C1F8BC02FFE70020B4
:1016800006B080BD0000000080B584B002900298D2
:10169000D0F8D41200EB8100D0F8C002019001987C
:1016A00020B9FFE703208DF80F0025E00298D0F85D
:1016B000D41200EB8100D0F8C402C8B1FFE7019852
:1016C00090F80002FF2813D0FFE70298D0F8D41258
:1016D00000EB8100D0F8C4028368019991F8000200
:1016E00091F8012298470199FF2081F80002FFE755
:1016F00000208DF80F00FFE79DF80F0004B080BDBB
:1017000081B0009000990A20088040F67820C2F24B
:10171000004001B07047000080B586B0059040F6EB
:101720003420C2F200400190822100F019FE0146EF
:1017300001980491012100F013FE014601980391E4
:10174000812100F00DFE0290049820B1FFE704997A
:1017500010208871FFE7039820B1FFE7039940202C
:101760008880FFE7029820B1FFE702994020888037
:10177000FFE705994320088040F63420C2F200407C
:1017800006B080BD0000000080B586B0059040F630
:101790003420C2F200400190822100F0E1FD0146B8
:1017A00001980491012100F0DBFD014601980391AD
:1017B000812100F0D5FD0290049820B1FFE7049943
:1017C00010208871FFE7039828B1FFE703994FF4D1
:1017D00000708880FFE7029828B1FFE702994FF474
:1017E00000708880FFE705994320088040F6342088
:1017F000C2F2004006B080BD80B586B0059040F6CC
:101800003420C2F200400190822100F0A9FD01467F
:1018100001980491012100F0A3FD01460198039174
:10182000812100F09DFD0290049820B1FFE704990A
:1018300010208871FFE7039820B1FFE7039940204B
:101840008880FFE7029820B1FFE702994020888056
:10185000FFE705994320088040F63420C2F200409B
:1018600006B080BD0000000080B590B00E908DF8ED
:1018700037104FF4077002F0CBF80C900C9860B959
:10188000FFE70E98D0F8D41200EB81010020C1F8D8
:10189000C00202208DF83F00F0E00C984FF4077171
:1018A000EEF77AFD0C980E99D1F8D42201EB820163
:1018B000C1F8C0020E99D1F8D40201EB8000D0F833
:1018C000C002C1F8BC020E98007C002840D1FFE79E
:1018D0000E9840F69101C2F2004107910978022268
:1018E00008924FF40073099301F046FA0799089A99
:1018F000099B0E98097801F00F0101EB810100EBC3
:10190000810101200B9088840E9840F69201C2F26A
:1019100000410A91097801F02FFA0A9A0B980E9962
:10192000127802F00F0202EB820201EB8201A1F8B1
:1019300064010E9840F69001C2F20041097801F06E
:101940000F0101EB810100EB81011020C8843EE012
:101950000E9840F69101C2F20041029109780222EC
:1019600003924023049301F007FA0299039A049B1F
:101970000E98097801F00F0101EB810100EB810164
:101980000120069088840E9840F69201C2F2004130
:101990000591097801F0F0F9059A06980E991278E8
:1019A00002F00F0202EB820201EB8201A1F8640156
:1019B0000E9840F69001C2F20041097801F00F0143
:1019C00001EB810100EB81011020C884FFE70E9834
:1019D00040F69001C2F200410091097803220823E9
:1019E00001F0CAF900990E98097801F00F0101EB96
:1019F000810100EB8101012088840C990020019075
:101A0000C1F804020E98D0F8D41200EB8100D0F88F
:101A1000C4020068804701980C99C1F814020C991F
:101A2000C1F818020C98D0F8040220B9FFE7022090
:101A30008DF83F0022E00E98007C70B9FFE70E9809
:101A400040F69201C2F2004109780C9AD2F80422C1
:101A50004FF4007301F0B8F90CE00E9840F69201D3
:101A6000C2F2004109780C9AD2F80422402301F016
:101A7000ABF9FFE700208DF83F00FFE79DF83F003E
:101A800010B080BD0000000080B584B002900298C4
:101A9000D0F8D41200EB8100D0F8C0020190029877
:101AA000D0F8D41200EB8100D0F8C00220B9FFE7D3
:101AB00003208DF80F0022E00298007C70B9FFE748
:101AC000029840F69201C2F200410978019AD2F8D8
:101AD00004224FF4007301F077F90CE0029840F60D
:101AE0009201C2F200410978019AD2F804224023FF
:101AF00001F06AF9FFE700208DF80F00FFE79DF87D
:101B00000F0004B080BD000083B0019000910098E8
:101B100020B9FFE703208DF80B000BE00098019936
:101B2000D1F8D42201EB8201C1F8C40200208DF863
:101B30000B00FFE79DF80B0003B0704700000000AA
:101B400084B0029001910298D0F8D41200EB810089
:101B5000D0F8C0020090009820B9FFE703208DF86C
:101B60000F0007E001980099C1F8040200208DF8E9
:101B70000F00FFE79DF80F0004B070470000000061
:101B800085B00390029101920398D0F8D41200EB33
:101B90008100D0F8C0020090009820B9FFE7032030
:101BA0008DF813000BE002980099C1F80802019823
:101BB0000099C1F8100200208DF81300FFE79DF88E
:101BC000130005B07047000080B58AB008900791F7
:101BD0000898D0F8D41200EB8100D0F8C00206902B
:101BE00000208DF81500ADF812008DF81100069850
:101BF00020B9FFE703208DF82700C7E00798007899
:101C000000F060000146039100285ED0FFE70398D2
:101C1000202840F0AE80FFE70798C088002846D013
:101C2000FFE7079800780006002823D5FFE708980B
:101C3000D0F8D41200EB8100D0F8C4028368079A70
:101C400050780699D28898470798C088082803D307
:101C5000FFE70720029003E00798C0880290FFE7A3
:101C60000298ADF8160008980699BDF8162000F005
:101C700083F91BE007984078069981F800020798DD
:101C8000C0883F2804D8FFE70798C088019002E089
:101C900040200190FFE70198069981F80102089819
:101CA000069991F8012200F037F9FFE70CE0089857
:101CB000D0F8D41200EB8100D0F8C40283680799F1
:101CC000487800229847FFE75BE007984078014694
:101CD00000910B2844D80099DFE801F00641424208
:101CE0004242424242421C32089890F89C02032829
:101CF00007D1FFE708980DF11201022200F03CF92C
:101D000007E00898079900F0F7F803208DF8110014
:101D1000FFE72DE0089890F89C02032807D1FFE721
:101D200008980DF11501012200F026F907E0089846
:101D3000079900F0E1F803208DF81100FFE717E0A4
:101D4000089890F89C02032808D0FFE708980799A4
:101D500000F0D2F803208DF81100FFE708E007E05B
:101D60000898079900F0C8F803208DF81100FFE7E4
:101D700007E00898079900F0BFF803208DF81100DC
:101D8000FFE79DF811008DF82700FFE79DF8270079
:101D90000AB080BD0000000080B584B002900298B7
:101DA000D0F8D41200EB8100D0F8C00201900120DD
:101DB0008DF80300019820B9FFE703208DF80F008C
:101DC0002AE00198D0F8140208BBFFE7019901202E
:101DD000C1F814020198D0F81002029A40F691015D
:101DE000C2F200410B7803F00F0303EB830302EB15
:101DF0008302906102980978019BD3F80822D3F8F6
:101E0000103201F055F900208DF80300FFE79DF82E
:101E100003008DF80F00FFE79DF80F0004B080BDB0
:101E200080B582B001908DF8031000208DF802007B
:101E30000198D0F8B8124A689DF80310904720B175
:101E4000FFE703208DF80200FFE79DF8020002B0D3
:101E500080BD00000000000080B582B001900091BC
:101E6000019890F89C02013802280ED8FFE70098EC
:101E70004088012808D1FFE701990020C1F8A40299
:101E8000019800F095F8FFE704E00198009900F050
:101E900033F8FFE702B080BD82B001908DF80310E7
:101EA000002002B07047000082B001908DF803104E
:101EB000002002B07047000080B584B0039002910A
:101EC00001920398029A019B0021009100F07CFF8F
:101ED000009804B080BD000080B584B003900291EA
:101EE00001920398029A019B0021009101F0E0F811
:101EF000009804B080BD000080B582B001900091D0
:101F00000198802101F080F80198002101F07CF80F
:101F100002B080BD0000000080B584B00390029143
:101F2000019203990320C1F8940201980399C1F822
:101F3000580101980399C1F85C010398029A019B2A
:101F40000021009100F040FF009804B080BD000027
:101F500080B582B0019001990520C1F894020198E2
:101F60000023009319461A4600F02EFF009802B095
:101F700080BD00000000000080B584B00390029195
:101F8000019203990220C1F8940201980399886193
:101F900001980399C8610398029A019B002100915E
:101FA00001F086F8009804B080BD00000000000039
:101FB00080B582B0019001990420C1F89402019883
:101FC0000023009319461A4601F072F8009802B0F7
:101FD00080BD00000000000080B584B00390029135
:101FE0000298C088012805D0FFE703980299FFF7FF
:101FF00083FF21E0039890F89C12481E019102286B
:1020000004D3FFE7019803280AD00FE003990020CA
:102010008860039800F108010122FFF7ADFF0AE094
:102020000398011D0122FFF7A7FF04E0039802991E
:10203000FFF762FFFFE7FFE704B080BD000000008C
:1020400080B588B0079006910020ADF81600049086
:102050008DF80F000698C0780138014602910E28CD
:1020600000F241810299DFE811F02A0034005100AA
:102070003E013E010B0123013E013E013E013E01B6
:102080003E013E013E010F000798D0F8B402C0693E
:1020900050B1FFE70798D0F8B412CA69007C0DF17F
:1020A00016019047049009E007980699FFF724FF6E
:1020B0009DF80F0001308DF80F00FFE71DE1079834
:1020C000D0F8B4120A68007C0DF116019047049014
:1020D00013E10798007C60B9FFE70798D0F8B802D1
:1020E000816A0DF116008847049004990220487017
:1020F0000BE00798D0F8B802C16A0DF116008847C6
:102100000490049902204870FFE7F6E00698807872
:1021100001460191052800F2A8800199DFE801F04D
:10212000031E39546F8A0798D0F8B402406850B142
:10213000FFE70798D0F8B4124A68007C0DF1160149
:102140009047049009E007980699FFF7D5FE9DF89F
:102150000F0001308DF80F00FFE790E00798D0F8EE
:10216000B402806850B1FFE70798D0F8B4128A68CB
:10217000007C0DF116019047049009E0079806993C
:10218000FFF7BAFE9DF80F0001308DF80F00FFE752
:1021900075E00798D0F8B402C06850B1FFE707981F
:1021A000D0F8B412CA68007C0DF116019047049073
:1021B00009E007980699FFF79FFE9DF80F00013090
:1021C0008DF80F00FFE75AE00798D0F8B4020069D5
:1021D00050B1FFE70798D0F8B4120A69007C0DF1FE
:1021E00016019047049009E007980699FFF784FECE
:1021F0009DF80F0001308DF80F00FFE73FE00798D2
:10220000D0F8B402406950B1FFE70798D0F8B41293
:102210004A69007C0DF116019047049009E0079887
:102220000699FFF769FE9DF80F0001308DF80F0049
:10223000FFE724E00798D0F8B402806950B1FFE7C7
:102240000798D0F8B4128A69007C0DF11601904706
:10225000049009E007980699FFF74EFE9DF80F00DD
:1022600001308DF80F00FFE709E007980699FFF7A6
:1022700043FE9DF80F0001308DF80F00FFE73CE0B2
:102280000798007C48B9FFE70798D0F8B802416B7F
:102290000DF116008847049009E007980699FFF7AA
:1022A0002BFE9DF80F0001308DF80F00FFE724E0B2
:1022B0000798007C60B9FFE70798D0F8B802016B77
:1022C0000DF116008847049004990720487009E032
:1022D00007980699FFF710FE9DF80F0001308DF862
:1022E0000F00FFE709E007980699FFF705FE9DF844
:1022F0000F0001308DF80F00FFE79DF80F0008B1C7
:10230000FFE72AE00698C08818B3FFE7BDF816007B
:10231000C8B1FFE7BDF816000699C988884204DAFB
:10232000FFE7BDF81600009003E00698C088009013
:10233000FFE70098ADF8160007980499BDF816203D
:10234000FFF71AFE04E007980699FFF7D5FDFFE7AF
:1023500003E00798FFF72CFEFFE708B080BD000000
:1023600080B586B005908DF81310059803900598F8
:10237000029000200190029948880978884227DD60
:10238000FFE702980078ADF80200FFE7BDF8020011
:102390000299498888421ADAFFE703980DF1020191
:1023A00000F036F803900398407805280ED1FFE737
:1023B00003980190019880789DF81310884201D10C
:1023C000FFE704E000200190FFE7FFE7DEE7FFE71B
:1023D000019806B080BD000083B0029000208DF807
:1023E000070002980090FFE70098007848B1FFE7E7
:1023F0009DF8070001308DF807000098013000902B
:10240000F2E79DF8070003B07047000000000000ED
:1024100083B002900191029800900098027801998F
:1024200008881044088002980099097808440090B0
:10243000009803B07047000080B582B00190009111
:10244000019890F89C02013802281FD8FFE70098F5
:10245000C088022805D0FFE701980099FFF74CFDDE
:1024600019E001990120C8600198D0F8A40230B1A8
:10247000FFE70199C86840F00200C860FFE70198D3
:1024800000F10C010222FFF777FD04E001980099AA
:10249000FFF732FDFFE702B080BD00000000000042
:1024A00080B586B005900491039200208DF80B0052
:1024B000059808B9FFE73DE0059801900198FFF7FE
:1024C0008BFF0146022000EB41000399088003982E
:1024D000007804999DF80B2088549DF80B0001307A
:1024E0008DF80B0004999DF80B20032088549DF86B
:1024F0000B0001308DF80B00FFE701980078C8B1A0
:10250000FFE70198007804999DF80B208854019802
:10251000013001909DF80B0001308DF80B000499FB
:102520009DF80B20002088549DF80B0001308DF899
:102530000B00E2E706B080BD82B08DF807000020F6
:102540008DF806009DF8070001460091032814D875
:102550000099DFE801F002060A0E00208DF806005F
:102560000FE003208DF806000BE001208DF8060037
:1025700007E003208DF8060003E003208DF8060035
:10258000FFE79DF8060002B0704700000000000061
:1025900080B582B08DF8070000919DF8070060B902
:1025A000FFE7009A48F28120C0F6010040F6C441DE
:1025B000C2F20041FFF774FF0BE0009A48F281205D
:1025C000C0F6010040F6C441C2F20041FFF768FFC7
:1025D000FFE740F6C440C2F2004002B080BD0000F8
:1025E00082B08DF80700009100991220088040F613
:1025F0008420C2F2004002B07047000000000000DA
:1026000080B582B08DF8070000919DF8070060B991
:10261000FFE7009A48F27320C0F6010040F6C4417B
:10262000C2F20041FFF73CFF0BE0009A48F2732032
:10263000C0F6010040F6C441C2F20041FFF730FF8E
:10264000FFE740F6C440C2F2004002B080BD000087
:1026500082B08DF80700009100990420088040F6B0
:10266000AC20C2F2004002B0704700000000000041
:1026700080B584B08DF80F000291029A48F28C2048
:10268000C0F6010040F6C441C2F200410191FFF7DB
:1026900007FF019804B080BD80B582B08DF80700B7
:1026A00000919DF8070060B9FFE7009A48F29F206B
:1026B000C0F6010040F6C441C2F20041FFF7F0FE4F
:1026C0000BE0009A48F29F20C0F6010040F6C4419A
:1026D000C2F20041FFF7E4FEFFE740F6C440C2F259
:1026E000004002B080BD000080B582B08DF80700C8
:1026F000009100991A200880EFF7E6FE40F6B0201E
:10270000C2F2004002B080BD80B584B00290019159
:102710008DF80320029820B9FFE703208DF80F0001
:1027200023E002990020C1F8B8020299C1F8C4025E
:102730000299C1F8D002019828B1FFE701980299E7
:10274000C1F8B402FFE70299012081F89C029DF8CC
:10275000030002990870029800F02AFA8DF802002E
:102760009DF802008DF80F00FFE79DF80F0004B000
:1027700080BD00000000000080B582B001908DF89F
:10278000031000208DF802008DF801000198D0F8A8
:10279000C8029DF80310F4F737FE8DF802009DF88B
:1027A0000200FFF7C9FE8DF801009DF8010002B09C
:1027B00080BD00000000000080B582B001908DF85F
:1027C000031000208DF802008DF801000198D0F868
:1027D000C8029DF80310F4F7C3FD8DF802009DF8C0
:1027E0000200FFF7A9FE8DF801009DF8010002B07C
:1027F00080BD00000000000080B588B006908DF814
:10280000171004929DF81700002874D1FFE706986E
:10281000143003900698D0F8940202285DD1FFE7A7
:1028200003998868C968884212D9FFE703998868C4
:10283000CA68801A886006980499039A9268FFF71C
:102840004BFB0698002319461A4600F0BDFA43E0F8
:1028500003988168C06888421ED1FFE703994868E1
:10286000C968884218D3FFE7039840680699D1F8F1
:102870009812884210D2FFE7069800220192114672
:10288000FFF72AFB019B0698C0F898320698194674
:102890001A4600F099FA1EE0069890F89C02032868
:1028A00011D1FFE70698D0F8B802C06850B1FFE731
:1028B00006990020C1F8D4020698D0F8B812C96869
:1028C0008847FFE7FFE70698802100F09DFB069808
:1028D000FFF73EFBFFE7FFE7FFE7069890F8A0024F
:1028E00040B1FFE7069800F077FC0699002081F8D8
:1028F000A002FFE740E006989DF8171041F0800124
:10290000FFF7CAFA8DF80A009DF80A00FF2832D0B6
:10291000FFE79DF80A0070BBFFE7069890F89C025D
:10292000032827D1FFE706989DF80A1000EB8100E5
:10293000D0F8B8024069E0B1FFE79DF80A000699B7
:10294000C1F8D40206989DF80A1000EB8101D1F875
:10295000B8124A699DF8171090478DF80B009DF842
:102960000B0028B1FFE79DF80B008DF81F0007E072
:10297000FFE7FFE7FFE7FFE700208DF81F00FFE715
:102980009DF81F0008B080BD80B58AB008908DF812
:102990001F10069200208DF813009DF81F000028DC
:1029A00040F08280FFE7089800F5AA70059008982B
:1029B000D0F89402032876D1FFE705998868C968A2
:1029C00088421DD9FFE705998868CA68801A88601F
:1029D000089802900698039005998868C96888420B
:1029E00004D2FFE705988068019003E00598C0686D
:1029F0000190FFE703990298019AFFF75DFA51E011
:102A0000089890F8AA0200F01F000146009140B11A
:102A1000FFE70098012808D0FFE7009802280CD0B3
:102A200013E000208DF8120013E0089890F8AE1221
:102A3000FFF73AFA8DF812000BE0089890F8AE1202
:102A4000FFF72AFA8DF8120003E000208DF812003B
:102A5000FFE79DF8120008BBFFE7089890F89C027A
:102A600003281AD1FFE708989DF8121000EB8100A7
:102A7000D0F8B802006978B1FFE79DF81200089914
:102A8000C1F8D40208989DF8121000EB8101D1F82A
:102A9000B81209698847FFE7FFE7FFE70898FFF7E3
:102AA00087FAFFE7FFE740E008989DF81F1001F064
:102AB0007F01FFF7F1F98DF812009DF81200FF2851
:102AC00032D0FFE79DF8120070BBFFE7089890F83E
:102AD0009C0203281ED1FFE708989DF8121000EB16
:102AE0008100D0F8B802806998B1FFE79DF8120024
:102AF0000899C1F8D40208989DF8121000EB8101E2
:102B0000D1F8B8128A699DF81F1090478DF813000C
:102B1000FFE7FFE79DF8130028B1FFE79DF81300DA
:102B20008DF8270005E0FFE7FFE700208DF827007C
:102B3000FFE79DF827000AB080BD000000000000FC
:102B400081B00090002001B070470000000000003C
:102B500080B582B0019000208DF80300019901201A
:102B600081F89C020198D0F8B80268B1FFE701989B
:102B7000D0F8B8124A680179904720B1FFE70320E6
:102B80008DF80300FFE7FFE79DF8030002B080BD6A
:102B900080B582B001908DF803100198D0F8C8027A
:102BA0009DF80310F4F794FC02B080BD0000000013
:102BB00080B584B0039003980078012838D1FFE7EE
:102BC000039942F6D810C2F200400290C0F80815EE
:102BD0000399C1F8C8020021C4F20401016009216F
:102BE0004160022202610021C1608261C161016213
:102BF0004162C16201634163F5F73EFA18B1FFE734
:102C0000EFF7DEF9FFE742F6D810C2F2004001907C
:102C10004FF40071F4F7D8FA019800218022F4F7FC
:102C2000DFFA019801214FF4BA72F4F7D9FAFFE7FD
:102C3000002004B080BD000084B002908DF8071021
:102C40000298D0F8C80200909DF8070000060028FE
:102C50000ED5FFE700989DF8071001F07F0101EB0A
:102C6000C10100EB810090F83E008DF80F000DE0EF
:102C700000989DF8071001F07F0101EBC10100EB06
:102C8000810090F87E028DF80F00FFE79DF80F009D
:102C900004B070470000000080B584B002908DF849
:102CA00007100298D0F8D41200EB8100D0F8B802D7
:102CB00020B9FFE703208DF80F0020E0029890F87C
:102CC0009C02032817D1FFE70298D0F8D41200EB3A
:102CD0008100D0F8B802006A60B1FFE70298D0F82E
:102CE000D41200EB8101D1F8B8120A6A9DF80710DE
:102CF0009047FFE7FFE700208DF80F00FFE79DF802
:102D00000F0004B080BD000080B584B002908DF843
:102D100007100298D0F8D41200EB8100D0F8B80266
:102D200020B9FFE703208DF80F0020E0029890F80B
:102D30009C02032817D1FFE70298D0F8D41200EBC9
:102D40008100D0F8B802406A60B1FFE70298D0F87D
:102D5000D41200EB8101D1F8B8124A6A9DF807102D
:102D60009047FFE7FFE700208DF80F00FFE79DF891
:102D70000F0004B080BD000080B584B003908DF8D2
:102D80000B108DF80A20ADF8083000208DF80700F0
:102D90008DF806000398D0F8C8029DF80B10BDF816
:102DA00008209DF80A30F4F7A7FB8DF807009DF87E
:102DB0000700FFF7C1FB8DF806009DF8060004B080
:102DC00080BD00000000000080B586B005908DF841
:102DD00013100392029300208DF807008DF806006F
:102DE0000598D0F8C8029DF81310039A029BF4F7D7
:102DF000FBFB8DF807009DF80700FFF79DFB8DF8A2
:102E000006009DF8060006B080BD0000000000002E
:102E100080B586B0059000208DF81300059A012139
:102E200082F89C120599C1F89402059948600599A9
:102E3000C1F8A402059981F8A0020598D0F8B8025B
:102E4000A0B1FFE70598D0F8B802406868B1FFE785
:102E50000598D0F8B8124A680179904720B1FFE789
:102E600003208DF81300FFE7FFE7FFE70598002236
:102E70000192402303931146FFF77EFF019A039BC3
:102E8000059901200290A1F864010598C0F860310D
:102E900005988021FFF770FF02990398059A9184A5
:102EA000059908629DF8130006B080BD000000007F
:102EB00081B00090009890F89C02042807D1FFE7A9
:102EC000009890F89D02009981F89C02FFE700208D
:102ED00001B070470000000080B582B001900198F9
:102EE00090F89C02032813D1FFE70198D0F8B802AC
:102EF00068B1FFE70198D0F8B802C06930B1FFE7C8
:102F00000198D0F8B812C9698847FFE7FFE7FFE7E3
:102F1000002002B080BD000082B001908DF8031047
:102F20009DF8030001990874002002B0704700006A
:102F300080B582B001908DF8031000208DF802005A
:102F40008DF801000198D0F8C8029DF80310F5F73C
:102F500077FA8DF802009DF80200FFF7EDFA8DF880
:102F600001009DF8010002B080BD000000000000DB
:102F700080B584B003900291039800F2AA200299D0
:102F800000F0BAF803990120C1F894020399B1F84E
:102F9000B002C1F89802039890F8AA0200F01F004E
:102FA0000146009140B1FFE7009801280CD0FFE7EF
:102FB0000098022810D017E0039800F2AA2100F030
:102FC00067FA8DF8070019E0039800F2AA2100F0D3
:102FD0009FFC8DF8070011E0039800F2AA2100F091
:102FE000BFFA8DF8070009E0039890F8AA1201F0E3
:102FF000800100F009F88DF80700FFE79DF8070051
:1030000004B080BD0000000080B582B001908DF852
:10301000031000208DF802008DF801000198D0F80F
:10302000C8029DF80310F4F717FB8DF802009DF815
:103030000200FFF781FA8DF801009DF8010002B04F
:1030400080BD00000000000080B582B0019000202B
:103050008DF803008DF802000198D0F8C802F5F74A
:103060002BFA8DF803009DF80300FFF765FA8DF841
:1030700002009DF8020002B080BD000000000000C8
:1030800081B00090009890F89C02042807D0FFE7D8
:10309000009890F89C02009981F89D02FFE7009942
:1030A000042081F89C02002001B07047000000005D
:1030B00080B586B005908DF813100392029300201E
:1030C0008DF807008DF806000598D0F8C8029DF825
:1030D0001310039A029BF4F72FFB8DF807009DF85D
:1030E0000700FFF729FA8DF806009DF8060006B0E4
:1030F00080BD00000000000080B584B00390029104
:1031000002980190019800780399087001980130A5
:10311000019001980078039948700198013001905E
:103120000198FBF761FE03994880019801300190F6
:103130000198013001900198FBF756FE03998880B1
:103140000198013001900198013001900198FBF73E
:103150004BFE0399C88004B080BD00000000000051
:1031600080B584B0029001910020ADF80200019872
:1031700020B9FFE703208DF80F0026E0019802999F
:10318000C1F8B8020298D0F8D41200EB8100D0F850
:10319000B802C06A78B1FFE70298D0F8D41200EB09
:1031A0008100D0F8B802C16A0DF102008847029987
:1031B000C1F8D002FFE70299D1F8D8020130C1F876
:1031C000D80200208DF80F00FFE79DF80F0004B033
:1031D00080BD00000000000081B00090002001B020
:1031E000704700000000000080B584B00390029199
:1031F00002988088B8BBFFE70298C08898BBFFE7B9
:10320000029840887F282ED8FFE70298807800F047
:103210007F008DF80700039890F89C02032805D1E1
:10322000FFE703980299FEF767FE1BE09DF8070091
:10323000039981F89E0203989DF80710FFF778FE26
:103240000398FEF7B5FE9DF8070028B1FFE7039944
:10325000022081F89C0204E00399012081F89C027D
:10326000FFE7FFE704E003980299FEF745FEFFE75A
:1032700004B080BD0000000080B582B001908DF8E0
:10328000031000208DF802000198D0F8B80250B168
:10329000FFE70198D0F8B8120A689DF8031090472C
:1032A0008DF80200FFE79DF8020002B080BD00002B
:1032B00080B586B00490039100208DF80B00039830
:1032C000817840F6C040C2F20040017000780228C8
:1032D00008D3FFE704980399FEF70EFE03208DF84C
:1032E0001700A0E0049890F89C0201460191022882
:1032F00004D0FFE7019803282FD07FE040F6C040BC
:10330000C2F20040007818B3FFE740F6C041C2F2B5
:1033100000410878049A506004980978FFF7ACFFE0
:103320008DF80B009DF80B0048B1FFE70498039956
:10333000FEF7E2FD0499022081F89C0207E0049860
:10334000FEF736FE0499032081F89C02FFE703E0B4
:103350000498FEF72DFEFFE760E040F6C040C2F2A1
:103360000040007898B9FFE70499022081F89C0298
:1033700040F6C041C2F200410878049A50600498B7
:103380000978FEF74DFD0498FEF712FE35E040F691
:10339000C040C2F20040007804994968884227D0B2
:1033A000FFE704980179FEF73BFD40F6C041C2F209
:1033B00000410878049A506004980978FFF75CFF90
:1033C0008DF80B009DF80B0068B1FFE70498039996
:1033D000FEF792FD04980179FEF722FD0499022080
:1033E00081F89C0203E00498FEF7E2FDFFE703E0AA
:1033F0000498FEF7DDFDFFE7FFE70FE0049803996F
:10340000FEF77AFD049840F6C041C2F20041097807
:10341000FEF706FD03208DF80B00FFE79DF80B007B
:103420008DF81700FFE79DF8170006B080BD00007B
:1034300080B582B00190009100984088012808D1A1
:10344000FFE701990120C1F8A4020198FEF7B0FD41
:1034500013E000984088022809D1FFE700984079DE
:10346000019981F8A0020198FEF7A2FD04E00198FD
:103470000099FEF741FDFFE7FFE702B080BD0000C5
:1034800080B582B001900198FFF7DEFD02B080BDEB
:1034900080B586B00590049100208DF80F00049847
:1034A000007800F0600001460291A8B1FFE70298A1
:1034B000202804D0FFE70298402846D1FFE705986E
:1034C000D0F8D41200EB8101D1F8B8128A680499BF
:1034D00090478DF80F003DE0049840780146019137
:1034E00009282CD80199DFE801F01B252A202A0A97
:1034F000052A160F05980499FEF7A2FD24E0059809
:103500000499FFF771FE1FE005980499FFF7D0FEBC
:103510008DF80F0018E005980499FEF75DFD13E0A3
:1035200005980499FEF788FF0EE005980499FFF7C7
:103530007FFF09E005980499FEF78EFC04E00598EA
:103540000499FEF7D9FCFFE704E005980499FEF71B
:10355000D3FCFFE79DF80F0006B080BD000000001F
:1035600080B58CB00B900A9100208DF821000A984C
:1035700080888DF823000A98007800F060000146EA
:103580000791B8B3FFE70798202805D0FFE7079811
:10359000402840F0B281FFE70B989DF82310FEF71A
:1035A0007BFC8DF822009DF82200FF2821D0FFE748
:1035B0009DF82200E8B9FFE79DF822000B99C1F8B9
:1035C000D4020B989DF8221000EB8100D0F8B802CD
:1035D000806868B1FFE70B989DF8221000EB81012D
:1035E000D1F8B8128A680A9990478DF82100FFE750
:1035F000FFE787E10A98407801460691002800F02D
:10360000BD80FFE7069801284CD0FFE70698032805
:1036100040F06D81FFE70B9890F89C020146059100
:10362000022804D0FFE70598032819D034E09DF85C
:10363000230078B1FFE79DF8230080280AD0FFE738
:103640000B989DF82310FFF7DFFC0B988021FFF704
:10365000DBFC04E00B980A99FEF74EFCFFE720E044
:103660000A984088A0B9FFE79DF8230078B1FFE7EA
:103670009DF8230080280AD0FFE70A98C08830B957
:10368000FFE70B989DF82310FFF7BEFCFFE7FFE76D
:103690000B98FEF78DFC04E00B980A99FEF72CFCC2
:1036A000FFE729E10B9890F89C020146049102285B
:1036B00004D0FFE70498032819D059E09DF82300AF
:1036C00078B1FFE79DF8230080280AD0FFE70B9828
:1036D0009DF82310FFF798FC0B988021FFF794FCCE
:1036E00004E00B980A99FEF707FCFFE745E00A980B
:1036F0004088E0BBFFE79DF82300400630B1FFE7BC
:103700000B989DF82310FFF737F8FFE70B98FEF7AB
:103710004FFC0B989DF82310FEF7BEFB8DF822009E
:103720009DF82200FF2821D0FFE79DF82200E8B98C
:10373000FFE79DF822000B99C1F8D4020B989DF881
:10374000221000EB8100D0F8B802806868B1FFE772
:103750000B989DF8221000EB8101D1F8B8128A680D
:103760000A9990478DF82100FFE7FFE7FFE704E0A3
:103770000B980A99FEF7C0FBFFE7BDE00B9890F8A5
:103780009C0201460391022804D0FFE70398032816
:1037900038D0A6E09DF8230050B1FFE79DF8230044
:1037A000802805D0FFE70B980A99FEF7A5FB9DE05E
:1037B0009DF82300000600280CD5FFE70B989DF824
:1037C000231001F07F0101EB810100EB8100143037
:1037D00002900CE00B989DF8231001F07F0101EBA3
:1037E000810100EB810000F5AA700290FFE70298CA
:1037F00009900999002008600B9809990222FEF7A8
:10380000BBFB73E09DF823000006002812D5FFE7FC
:103810000B989DF8231001F00F0101EB810100EBE3
:103820008100808C28B9FFE70B980A99FEF764FBAA
:103830005CE012E00B989DF8231001F00F0101EB02
:10384000810100EB8100B0F8640128B9FFE70B9813
:103850000A99FEF751FB49E0FFE79DF823000006B7
:1038600000280CD5FFE70B989DF8231001F07F018D
:1038700001EB810100EB8100143001900CE00B980A
:103880009DF8231001F07F0101EB810100EB810025
:1038900000F5AA700190FFE7019809909DF82300B8
:1038A00028B1FFE79DF82300802804D1FFE709999C
:1038B000002008600FE00B989DF82310FFF7BCF97B
:1038C00020B1FFE709990120086003E00999002071
:1038D0000860FFE7FFE70B9809990222FEF74CFB0F
:1038E00004E00B980A99FEF707FBFFE704E00B984A
:1038F0000A99FEF701FBFFE704E00B980A99FEF72F
:10390000FBFAFFE79DF821000CB080BD000000002D
:1039100080B584B00390029100208DF807000298D2
:10392000007800F060000146009140B1FFE7009888
:10393000202804D0FFE7009840285AD1FFE70398D9
:1039400090F89C02013802284DD8FFE702980079D0
:10395000012842D8FFE7039802990979FEF7A4FAF3
:103960008DF806009DF80600FF2825D0FFE79DF89A
:10397000060008BBFFE703989DF8061000EB8100E6
:10398000D0F8B802806890B1FFE79DF8060003996F
:10399000C1F8D40203989DF8061000EB8101D1F81C
:1039A000B8128A68029990478DF8070003E0032057
:1039B0008DF80700FFE703E003208DF80700FFE71D
:1039C0000298C08840B9FFE79DF8070020B9FFE7DB
:1039D0000398FEF7EDFAFFE704E003980299FEF77B
:1039E0008BFAFFE704E003980299FEF785FAFFE7F8
:1039F00004E003980299FEF77FFAFFE79DF80700BD
:103A000004B080BD0000000081B0009001B070479C
:103A100081B0009040F6C460C2F2004001B070472F
:103A200084B003900291039801900298007800906E
:103A300002984078012830D1FFE70298007800F022
:103A40000F010120884082B20199D1F81C0810436F
:103A5000C1F81C080198009900EB4110D0F800094A
:103A60000004002818D4FFE7029988686FF3DF206C
:103A7000097940EA8140009A40EA8250019901EBBD
:103A80004211D1F80029104348F20002C1F20002AD
:103A90001043C1F80009FFE72EE00298007800F01B
:103AA0000F01012000FA01F20199D1F81C0840EA47
:103AB0000240C1F81C080198009900EB4110D0F8B1
:103AC000000B0004002816D4FFE7029988686FF302
:103AD000DF20097940EA81400199009A01EB421107
:103AE000D1F8002B104348F20002C1F2000210434B
:103AF000C1F8000BFFE7FFE7002004B070470000AB
:103B000082B00190019800900099D1F8000940F22C
:103B1000FF729043C1F800090099D1F8040840F4FD
:103B20008070C1F80408002002B070470000000057
:103B30002DE9F04F91B00191DDF88CB0DDF888A04F
:103B4000DDF88490DDF880801F9F1E9E1D9D1C9CCB
:103B5000DDF86CE0DDF868C001990199CDF840B05E
:103B6000CDF83CA0CDF83890CDF834800C970B966A
:103B70000A950994CDF820E0CDF81CC00693059273
:103B8000049103900998012822D1FFE70399886BDB
:103B900020F4803088630399C8684FF6BF72CFF66F
:103BA000BD721040C8600399C86820F44010C86016
:103BB0001098012806D1FFE70399C86840F48010E7
:103BC000C860FFE7039800F03FF88DF80B0019E09C
:103BD0000399C86840F04000C860039800F034F8CA
:103BE0008DF80B000D9830B9FFE70399886B40F40E
:103BF0008030886305E00399886B20F48030886307
:103C0000FFE7FFE70698012816D1FFE70399C86D83
:103C100080B2C8650399C86D0022C0F2EE3210432D
:103C2000C8650399886840F0060088600399886831
:103C300040F020008860FFE79DF80B0011B0BDE860
:103C4000F08F00000000000083B001900020009081
:103C5000FFE7009801300090009840F64151C0F213
:103C60000301884204D3FFE703208DF80B0028E00E
:103C7000FFE701980069C00F0028EAD0FFE70020A5
:103C800000900199086940F001000861FFE7009881
:103C900001300090009840F64151C0F20301884283
:103CA00004D3FFE703208DF80B000AE0FFE701983B
:103CB0000069C0070028EAD1FFE700208DF80B005B
:103CC000FFE79DF80B0003B0704700000000000004
:103CD00084B00390029103980190029800780090BC
:103CE0000298407801284CD1FFE70198009900EB39
:103CF0004110D0F80009C00FA8B1FFE70198009962
:103D000000EB4111D1F8000940F00060C1F8000952
:103D10000198009900EB4111D1F8000940F0804072
:103D2000C1F80009FFE70298007800F00F000121B8
:103D300001FA00F20020CFF6FF7060EA020C019B4E
:103D4000D3F83C2802EA0C02C3F83C28029A127805
:103D500002F00F02914060EA01020199D1F81C08BB
:103D60001040C1F81C080198009900EB4111D1F8EE
:103D7000000947F60002CEF633421040C1F80009B0
:103D800046E00198009900EB4110D0F8000BC00FFD
:103D9000A8B1FFE70198009900EB4111D1F8000BA1
:103DA00040F00060C1F8000B0198009900EB411150
:103DB000D1F8000B40F08040C1F8000BFFE70298FB
:103DC000007800F00F01012000FA01F3019AD2F807
:103DD0003C1821EA0341C2F83C180299097801F025
:103DE0000F0100FA01F20199D1F81C0820EA024003
:103DF000C1F81C080198009900EB4111D1F8000BA3
:103E000047F60002CEF6F3721040C1F8000BFFE750
:103E1000002004B07047000082B00190019800902B
:103E20000099D1F8000E20F00300C1F8000E0099AF
:103E3000D1F8040820F00200C1F80408002002B004
:103E4000704700000000000082B0019001980090CF
:103E50000099D1F8000E20F00300C1F8000E00997F
:103E6000D1F8040840F00200C1F80408002002B0B4
:103E700070470000000000002DE9F04F93B0019161
:103E8000DDF894B0DDF890A0DDF88C90DDF8888046
:103E9000219F209E1F9D1E9CDDF874E0DDF870C000
:103EA00001990199CDF848B0CDF844A0CDF84090E3
:103EB000CDF83C800E970D960C950B94CDF828E02C
:103EC000CDF824C0089307920691059000208DF844
:103ED0001300059903910290FFE702980E280CD871
:103EE000FFE70598029900EB81010020C1F8040169
:103EF000FFE7029801300290EFE71098B8B9FFE7AA
:103F00000399D1F8040840F00200C1F804080599AB
:103F1000886B20F4001088630599086840F0400021
:103F200008600599086840F08000086005E0059980
:103F3000886B40F400108863FFE703990020C1F804
:103F4000000E0399D1F80008C1F800080B98012869
:103F50000ED1FFE7099828B9FFE70598002100F086
:103F6000CFFE04E00598012100F0CAFEFFE704E05F
:103F70000598032100F0C4FEFFE70598102100F02A
:103F8000A7FC20B1FFE701208DF81300FFE705989B
:103F900000F05EFC20B1FFE701208DF81300FFE781
:103FA00003990020C1F810080399C1F81408039977
:103FB000C1F81C080290FFE70298069988423BD29C
:103FC000FFE70398029900EB4110D0F80009C00FF9
:103FD000B0B1FFE7029848B9FFE70398029900EBF8
:103FE00041114FF00060C1F8000908E00398029900
:103FF00000EB41114FF09040C1F80009FFE707E0E6
:104000000398029900EB41110020C1F80009FFE775
:104010000398029900EB41110020C1F810090398A0
:10402000029900EB41114FF67F30C1F80809FFE714
:10403000029801300290BFE700200290FFE702984B
:10404000069988423BD2FFE70398029900EB4110A2
:10405000D0F8000BC00FB0B1FFE7029848B9FFE7F6
:104060000398029900EB41114FF00060C1F8000B7A
:1040700008E00398029900EB41114FF09040C1F81D
:10408000000BFFE707E00398029900EB41110020C5
:10409000C1F8000BFFE70398029900EB41110020E3
:1040A000C1F8100B0398029900EB41114FF67F30D5
:1040B000C1F8080BFFE7029801300290BFE70399AF
:1040C000D1F8100820F48070C1F81008059900207C
:1040D000886105996FF080404861089830B9FFE722
:1040E0000599886940F010008861FFE705998869A3
:1040F00043F60002C8F23C02104388610C9830B1CC
:10410000FFE70599886940F008008861FFE710988B
:10411000012808D1FFE7059988690422C4F200024A
:1041200010438861FFE79DF8130013B0BDE8F08FDE
:1041300081B000900099886820F00100886000201C
:1041400001B070470000000086B004908DF80F1099
:104150000292049801900498006C0090009843F239
:104160000B01C4F6547188420BD3FFE70198D0F8D5
:10417000000BC00F20B1FFE700208DF817002EE0E4
:10418000FFE701990020C1F8100B0199D1F8100B3D
:1041900040F40020C1F8100B0199D1F8100B40F049
:1041A0001800C1F8100B0199D1F8100B40F0C04075
:1041B000C1F8100B9DF80F0001280CD1FFE7029801
:1041C0000199C1F8140B0199D1F8000B40F080203F
:1041D000C1F8000BFFE700208DF81700FFE79DF8FE
:1041E000170006B07047000084B003900291039856
:1041F000019002980078009002984078012820D120
:10420000FFE70198009900EB4111D1F8000920F473
:104210000010C1F8000902980079032805D0FFE7D3
:104220000298007902280BD1FFE70198009900EB72
:104230004111D1F8000940F08050C1F80009FFE7B2
:104240001FE00198009900EB4111D1F8000B20F418
:104250000010C1F8000B02980079032805D0FFE791
:104260000298007902280BD1FFE70198009900EB32
:104270004111D1F8000B40F08050C1F8000BFFE76E
:10428000FFE7002004B0704784B0039002910398C8
:10429000019002980078009002984078012822D17D
:1042A000FFE70198009900EB4110D0F80009C00F1A
:1042B00070B9FFE7009858B1FFE70198009900EB4B
:1042C0004111D1F8000920F08040C1F80009FFE752
:1042D0000198009900EB4111D1F8000940F4001059
:1042E000C1F8000921E00198009900EB4110D0F8D5
:1042F000000BC00F70B9FFE7009858B1FFE70198B5
:10430000009900EB4111D1F8000B20F08040C1F87A
:10431000000BFFE70198009900EB4111D1F8000B69
:1043200040F40010C1F8000BFFE7002004B0704714
:1043300080B588B0079006918DF8172007980490F3
:1043400006980078039006984078012840F01C8178
:10435000FFE706980069F8B9FFE70498039900EBB6
:104360004111D1F810096FF3DC40C1F8100904982D
:10437000039900EB4111D1F8100940F40020C1F875
:1043800010090498039900EB4111D1F810096FF35B
:104390001200C1F8100969E00498039900EB41117B
:1043A000D1F810096FF31200C1F8100904980399AD
:1043B00000EB4111D1F810096FF3DC40C1F810098E
:1043C0000398A8B9FFE7069881680069884204D974
:1043D000FFE7069988680861FFE70498039900EBF6
:1043E0004111D1F8100940F40020C1F8100915E07E
:1043F00006988168006908440138B0FBF1F100209B
:10440000C1F6F87000EAC1420498039900EB41112B
:10441000D1F810091043C1F81009FFE706980269A6
:104420006FF3DF420498039900EB4111D1F81009B2
:104430001043C1F8100906980079012815D1FFE74B
:104440000498039900EB4111D1F8100920F0C04005
:10445000C1F810090498039900EB4111D1F8100933
:1044600040F00050C1F81009FFE7FFE79DF8170082
:1044700001283BD1FFE70698C06948B1FFE70698DD
:10448000C0690499039A01EB4211C1F81409FFE7CE
:104490000698007901281ED1FFE70498D0F8080893
:1044A000C00500280BD4FFE70498039900EB4111E5
:1044B000D1F8000940F00050C1F800090AE0049862
:1044C000039900EB4111D1F8000940F08050C1F888
:1044D0000009FFE7FFE70498039900EB4111D1F8C9
:1044E000000940F00440C1F800094CE00498039929
:1044F00000EB4111D1F8000940F00440C1F8000977
:1045000006980079012813D0FFE70698006970B17A
:10451000FFE70698007800F00F01012000FA01F291
:104520000499D1F834081043C1F83408FFE729E0B2
:104530000498D0F80808C00500280BD4FFE70498B9
:10454000039900EB4111D1F8000940F00050C1F887
:1045500000090AE00498039900EB4111D1F8000921
:1045600040F08050C1F80009FFE70798069BD96822
:104570001A781B8A9DF817C0EE46CEF800C000F0EE
:10458000B3FCFFE7FFE7C4E00498039900EB411197
:10459000D1F8100B6FF31200C1F8100B04980399B7
:1045A00000EB4111D1F8100B6FF3DC40C1F8100B98
:1045B000039818BBFFE70698006920B1FFE706994A
:1045C00088680861FFE70699886808620698026AA9
:1045D0006FF3DF420498039900EB4111D1F8100BFF
:1045E0001043C1F8100B0498039900EB4111D1F866
:1045F000100B40F40020C1F8100B49E00698006948
:10460000C0B9FFE7069882686FF3DF420498039908
:1046100000EB4111D1F8100B1043C1F8100B0498B6
:10462000039900EB4111D1F8100B40F40020C1F8C0
:10463000100B2CE006988168006908440138B0FB33
:10464000F1F0ADF80A0006998868BDF80A205043D9
:104650000862BDF80A100020C1F6F87000EAC142F5
:104660000498039900EB4111D1F8100B1043C1F8E5
:10467000100B0698026A6FF3DF420498039900EB6F
:104680004111D1F8100B1043C1F8100BFFE7FFE701
:104690009DF8170001280ED1FFE70698C06848B1C1
:1046A000FFE70698C0680499039A01EB4211C1F82C
:1046B000140BFFE7FFE70698007901281ED1FFE7FA
:1046C0000498D0F80808C00500280BD4FFE7049828
:1046D000039900EB4111D1F8000B40F00050C1F8F4
:1046E000000B0AE00498039900EB4111D1F8000B8C
:1046F00040F08050C1F8000BFFE7FFE704980399F2
:1047000000EB4111D1F8000B40F00440C1F8000B60
:10471000FFE7002008B080BD85B004900391002021
:1047200002908DF8070004980090039840780128C3
:104730003ED1FFE700980399097800EB4110D0F8CB
:104740000009C00F98B3FFE700980399097800EBC0
:104750004111D1F8000940F00060C1F8000900984B
:104760000399097800EB4111D1F8000940F080402D
:10477000C1F80009FFE7029801300290029842F266
:104780001171884204D3FFE701208DF807000DE086
:10479000FFE700980399097800EB4110D0F8000971
:1047A00000F00040B0F1004FE5D0FFE7FFE73DE04B
:1047B00000980399097800EB4110D0F8000BC00F66
:1047C00098B3FFE700980399097800EB4111D1F8FD
:1047D000000B40F00060C1F8000B009803990978C5
:1047E00000EB4111D1F8000B40F08040C1F8000B04
:1047F000FFE7029801300290029842F2117188425C
:1048000004D3FFE701208DF807000DE0FFE70098D3
:104810000399097800EB4110D0F8000B00F000403C
:10482000B0F1004FE5D0FFE7FFE7FFE79DF8070095
:1048300005B070470000000081B0009000998868C2
:1048400040F001008860002001B0704700000000C7
:1048500083B0019000200090FFE7009801300090A5
:10486000009840F64151C0F20301884204D3FFE7AB
:1048700003208DF80B0027E0FFE701980069C00FC7
:104880000028EAD0FFE7002000900199102008617D
:10489000FFE7009801300090009840F64151C0F2C7
:1048A0000301884204D3FFE703208DF80B000BE0DF
:1048B000FFE70198006900F010001028E9D0FFE739
:1048C00000208DF80B00FFE79DF80B0003B0704748
:1048D00084B00290019100200090FFE70098013021
:1048E0000090009840F64151C0F20301884204D381
:1048F000FFE703208DF80F0029E0FFE70298006929
:10490000C00F0028EAD0FFE7002000900198800146
:10491000203002990861FFE700980130009000986C
:1049200040F64151C0F20301884204D3FFE703205F
:104930008DF80F000BE0FFE70298006900F02000FF
:104940002028E9D0FFE700208DF80F00FFE79DF851
:104950000F0004B07047000084B0039003980290E9
:104960000298D0F8080800F006000090009820B9DE
:10497000FFE700208DF8070010E00098022804D01F
:10498000FFE70098062804D1FFE702208DF8070012
:1049900003E00F208DF80700FFE7FFE79DF8070011
:1049A00004B070470000000081B00090009840699A
:1049B00000F0010001B0704783B0029002980190AE
:1049C0000198D0F8180800900198D0F81C180098A9
:1049D00008400090BDF8000003B0704700000000E0
:1049E00083B00290029801900198D0F818080090C6
:1049F0000198D0F81C18009808400090BDF80200FB
:104A000003B070470000000086B005908DF81310C9
:104A1000059803900398D0F8100801900398D0F8F7
:104A20003408009000989DF8131001F00F01C84061
:104A300000F00101019840EAC110019003989DF82F
:104A4000131000EB4110D0F80809019908400290BA
:104A5000029806B07047000084B003908DF80B10E8
:104A60000398019001989DF80B1000EB4110D0F8CD
:104A7000080B00900198D0F8141800980840009096
:104A8000009804B07047000082B00190019840691E
:104A9000009001988169009808400090009802B049
:104AA000704700000000000089B008900791ADF841
:104AB0001A200898059007980490BDF81A008008FD
:104AC0000190BDF81A0000F00300ADF802000020CC
:104AD0000290FFE702980199884217D2FFE70598F4
:104AE0004FF48051405804990860049801300490B4
:104AF0000498013004900498013004900498013027
:104B00000490FFE7029801300290E3E7BDF802004D
:104B100008B3FFE70020029005984FF480514058F9
:104B20000390FFE703989DF80810C900C840049956
:104B30000870029801300290049801300490BDF88A
:104B400002000138ADF80200FFE7BDF802000028BE
:104B5000E8D1FFE7FFE7049809B0704700000000C4
:104B600080B584B0ADF80E0041F2E400C2F200401E
:104B700001680291006840F28201C2F2004188425D
:104B80000CD1FFE740F28200C2F2004000F58060E5
:104B900041F2E401C2F20041086009E041F2E4019F
:104BA000C2F2004140F28200C2F200400860FFE71A
:104BB00041F2E400C2F20040016842F2D410C2F2B5
:104BC00000400190FCF7BCFF0198FCF75DFF0298E4
:104BD00030B1FFE70298BDF80E10F9F7A5FAFFE72C
:104BE00004B080BD0000000080B586B004908DF850
:104BF0000F10002002900499C86820F0C040C860DF
:104C00009DF80F00012823D1FFE70499C86840F000
:104C10000050C860FFE70120F0F7B2FD02980130B4
:104C20000290FFE70498FFF7BFFE0146002001292C
:104C3000019007D0FFE702990020322938BF0120F8
:104C40000190FFE70198C0070028E4D1FFE72AE0C0
:104C50009DF80F0010BBFFE70499C86840F0804042
:104C6000C860FFE70120F0F78BFD02980130029049
:104C7000FFE70498FFF798FE01460020009039B145
:104C8000FFE702990020322938BF01200090FFE79A
:104C90000098C0070028E5D1FFE703E001208DF868
:104CA00017000CE0FFE70298322804D1FFE701204B
:104CB0008DF8170003E000208DF81700FFE79DF83E
:104CC000170006B080BD000083B002908DF8071079
:104CD000029800900099D1F8000820F4FE60C1F815
:104CE00000089DF8070000F07F020099D1F8000845
:104CF00040EA0210C1F80008002003B0704700002D
:104D000083B002908DF80710029800909DF807205C
:104D10000099D1F800081043C1F80008002003B042
:104D2000704700000000000084B0039002918DF8ED
:104D300007209DF80700022840F0B880FFE702989E
:104D40004AF6C041C0F2D80188420BD3FFE702986F
:104D50004EF2BF11C0F2E401884203D8FFE70F20F2
:104D60000090A2E002984EF2C011C0F2E401884225
:104D70000BD3FFE7029842F2FF31C0F2F401884200
:104D800003D8FFE70E2000908EE0029842F2004127
:104D9000C0F2F40188420BD3FFE7029847F27F315B
:104DA000C0F20611884203D8FFE70D2000907AE098
:104DB000029847F28031C0F2061188420BD3FFE718
:104DC000029844F69F11C0F21A11884203D8FFE7F7
:104DD0000C20009066E0029844F6A011C0F21A116F
:104DE00088420BD3FFE7029842F6FF41C0F231112F
:104DF000884203D8FFE70B20009052E0029842F669
:104E00000051C0F2311188420BD3FFE702984AF2F9
:104E10003F41C0F24C11884203D8FFE70A200090BE
:104E20003EE002984AF24041C0F24C1188420BD356
:104E3000FFE7029843F2FF51C0F26E11884203D897
:104E4000FFE7092000902AE0029843F20061C0F2D7
:104E50006E1188420BD3FFE702984AF61F31C0F269
:104E6000A611884203D8FFE70820009016E00298B8
:104E70004AF62031C0F2A61188420BD3FFE7029810
:104E800044F2FF71C0F2E811884203D8FFE707201F
:104E9000009002E006200090FFE7FFE7FFE7FFE752
:104EA000FFE7FFE7FFE7FFE7FFE70AE09DF80700FE
:104EB00018B9FFE70920009002E009200090FFE701
:104EC000FFE70399C86820F47050C860009800F0AC
:104ED0000F020399C86840EA8220C860002004B02D
:104EE000704700000000000080B588B084460A9832
:104EF000CDF81CC006918DF81720ADF814308DF850
:104F0000130007980390069802909DF8130048BB81
:104F1000FFE7BDF8140003308008019000200090E6
:104F2000FFE70098019988421BD2FFE702980068CA
:104F300003999DF8172001EB02314FF480528850FD
:104F400002980130029002980130029002980130DC
:104F50000290029801300290FFE700980130009023
:104F6000DFE7FFE7002008B080BD00000000000080
:104F700080B582B00190ADF802100198D0F88000A1
:104F8000006800680003002800F18C81FFE70198A9
:104F9000D0F8800000681021C4F20201884200F0BD
:104FA000A280FFE70198D0F8800000682821C4F2B1
:104FB0000201884200F09780FFE70198D0F8800056
:104FC00000684021C4F20201884200F08C80FFE7B3
:104FD0000198D0F8800000685821C4F2020188428C
:104FE00000F08180FFE70198D0F880000068702110
:104FF000C4F20201884276D0FFE70198D0F8800021
:1050000000688821C4F2020188426CD0FFE7019851
:10501000D0F880000068A021C4F20201884262D06A
:10502000FFE70198D0F880000068B821C4F20201BF
:10503000884258D0FFE70198D0F88000006840F21D
:105040001041C4F2020188424DD0FFE70198D0F828
:105050008000006840F22841C4F20201884242D038
:10506000FFE70198D0F88000006840F24041C4F2A8
:105070000201884237D0FFE70198D0F8800000682D
:1050800040F25841C4F2020188422CD0FFE7019857
:10509000D0F88000006840F27041C4F202018842FA
:1050A00021D0FFE70198D0F88000006840F28841E5
:1050B000C4F20201884216D0FFE70198D0F88000C0
:1050C000006840F2A041C4F2020188420BD0FFE721
:1050D0000198D0F88000006840F2B841C4F20201A3
:1050E000884209D1FFE70198D0F88000016808687C
:1050F00020F00100086008E00198D0F88000016805
:10510000086820F001000860FFE70198D0F88000EF
:105110000168086840F4002008600198D0F8800019
:1051200000681021C4F20201884200F0A280FFE76B
:105130000198D0F8800000682821C4F2020188425A
:1051400000F09780FFE70198D0F8800000684021C8
:10515000C4F20201884200F08C80FFE70198D0F889
:10516000800000685821C4F20201884200F081806A
:10517000FFE70198D0F8800000687021C4F20201B6
:10518000884276D0FFE70198D0F880000068882137
:10519000C4F2020188426CD0FFE70198D0F8800089
:1051A0000068A021C4F20201884262D0FFE70198A2
:1051B000D0F880000068B821C4F20201884258D0BB
:1051C000FFE70198D0F88000006840F21041C4F277
:1051D000020188424DD0FFE70198D0F880000068B6
:1051E00040F22841C4F20201884242D0FFE7019810
:1051F000D0F88000006840F24041C4F202018842C9
:1052000037D0FFE70198D0F88000006840F258419D
:10521000C4F2020188422CD0FFE70198D0F8800048
:10522000006840F27041C4F20201884221D0FFE7D9
:105230000198D0F88000006840F28841C4F2020171
:10524000884216D0FFE70198D0F88000006840F24D
:10525000A041C4F2020188420BD0FFE70198D0F8C8
:105260008000006840F2B841C4F20201884207D1D0
:10527000FFE70198D0F8800001683E20486006E012
:105280000198D0F8800001683E204860FFE740F2B6
:105290004400C2F2004040F67841C2F20041F9F702
:1052A0006FFF8BE10198D0F8800000681021C4F2F4
:1052B0000201884200F0A280FFE70198D0F8800048
:1052C00000682821C4F20201884200F09780FFE7BD
:1052D0000198D0F8800000684021C4F202018842A1
:1052E00000F08C80FFE70198D0F88000006858211A
:1052F000C4F20201884200F08180FFE70198D0F8F3
:10530000800000687021C4F20201884276D0FFE775
:105310000198D0F8800000688821C4F20201884218
:105320006CD0FFE70198D0F880000068A021C4F29B
:105330000201884262D0FFE70198D0F8800000683F
:10534000B821C4F20201884258D0FFE70198D0F892
:105350008000006840F21041C4F2020188424DD042
:10536000FFE70198D0F88000006840F22841C4F2BD
:105370000201884242D0FFE70198D0F8800000681F
:1053800040F24041C4F20201884237D0FFE7019861
:10539000D0F88000006840F25841C4F2020188420F
:1053A0002CD0FFE70198D0F88000006840F27041EF
:1053B000C4F20201884221D0FFE70198D0F88000B2
:1053C000006840F28841C4F20201884216D0FFE72B
:1053D0000198D0F88000006840F2A041C4F20201B8
:1053E00088420BD0FFE70198D0F88000006840F2B7
:1053F000B841C4F20201884209D1FFE70198D0F810
:1054000080000168086820F00100086008E0019849
:10541000D0F880000168086820F001000860FFE70C
:105420000198D0F880000168086820F40020086026
:105430000198D0F8800000681021C4F2020188426F
:1054400000F0A280FFE70198D0F8800000682821D2
:10545000C4F20201884200F09780FFE70198D0F87B
:10546000800000684021C4F20201884200F08C8074
:10547000FFE70198D0F8800000685821C4F20201CB
:10548000884200F08180FFE70198D0F88000006832
:105490007021C4F20201884276D0FFE70198D0F86B
:1054A000800000688821C4F2020188426CD0FFE7C6
:1054B0000198D0F880000068A021C4F2020188425F
:1054C00062D0FFE70198D0F880000068B821C4F2EC
:1054D0000201884258D0FFE70198D0F880000068A8
:1054E00040F21041C4F2020188424DD0FFE701981A
:1054F000D0F88000006840F22841C4F202018842DE
:1055000042D0FFE70198D0F88000006840F24041A7
:10551000C4F20201884237D0FFE70198D0F880003A
:10552000006840F25841C4F2020188422CD0FFE7E3
:105530000198D0F88000006840F27041C4F2020186
:10554000884221D0FFE70198D0F88000006840F23F
:105550008841C4F20201884216D0FFE70198D0F8D2
:105560008000006840F2A041C4F2020188420BD0E2
:10557000FFE70198D0F88000006840F2B841C4F21B
:105580000201884207D1FFE70198D0F88000016846
:105590003E20486006E00198D0F8800001683E2077
:1055A0004860FFE740F24400C2F200401F3040F67E
:1055B0007841C2F20041F9F7E3FDFFE70198D0F826
:1055C000800000681021C4F20201884200F0A2802D
:1055D000FFE70198D0F8800000682821C4F202019A
:1055E000884200F09780FFE70198D0F880000068BB
:1055F0004021C4F20201884200F08C80FFE701984C
:10560000D0F8800000685821C4F20201884200F0FE
:105610008180FFE70198D0F8800000687021C4F213
:105620000201884276D0FFE70198D0F88000006838
:105630008821C4F2020188426CD0FFE70198D0F8BB
:1056400080000068A021C4F20201884262D0FFE716
:105650000198D0F880000068B821C4F202018842A5
:1056600058D0FFE70198D0F88000006840F2104160
:10567000C4F2020188424DD0FFE70198D0F88000C3
:10568000006840F22841C4F20201884242D0FFE79C
:105690000198D0F88000006840F24041C4F2020155
:1056A000884237D0FFE70198D0F88000006840F2C8
:1056B0005841C4F2020188422CD0FFE70198D0F88B
:1056C0008000006840F27041C4F20201884221D09B
:1056D000FFE70198D0F88000006840F28841C4F2EA
:1056E0000201884216D0FFE70198D0F880000068D8
:1056F00040F2A041C4F2020188420BD0FFE70198BA
:10570000D0F88000006840F2B841C4F2020188423B
:1057100009D1FFE70198D0F880000168086840F0DF
:105720000100086008E00198D0F88000016808686E
:1057300040F001000860FFE702B080BD00000000FB
:1057400080B582B00190ADF802100198D0F88000C9
:10575000006800680003002800F19281FFE70198CB
:10576000D0F8800000681021C4F20201884200F0E5
:10577000A280FFE70198D0F8800000682821C4F2D9
:105780000201884200F09780FFE70198D0F880007E
:1057900000684021C4F20201884200F08C80FFE7DB
:1057A0000198D0F8800000685821C4F202018842B4
:1057B00000F08180FFE70198D0F880000068702138
:1057C000C4F20201884276D0FFE70198D0F8800049
:1057D00000688821C4F2020188426CD0FFE701987A
:1057E000D0F880000068A021C4F20201884262D093
:1057F000FFE70198D0F880000068B821C4F20201E8
:10580000884258D0FFE70198D0F88000006840F245
:105810001041C4F2020188424DD0FFE70198D0F850
:105820008000006840F22841C4F20201884242D060
:10583000FFE70198D0F88000006840F24041C4F2D0
:105840000201884237D0FFE70198D0F88000006855
:1058500040F25841C4F2020188422CD0FFE701987F
:10586000D0F88000006840F27041C4F20201884222
:1058700021D0FFE70198D0F88000006840F288410D
:10588000C4F20201884216D0FFE70198D0F88000E8
:10589000006840F2A041C4F2020188420BD0FFE749
:1058A0000198D0F88000006840F2B841C4F20201CB
:1058B000884209D1FFE70198D0F8800001680868A4
:1058C00020F00100086008E00198D0F8800001682D
:1058D000086820F001000860FFE70198D0F8800018
:1058E0000168086840F4002008600198D0F8800042
:1058F00000681021C4F20201884200F0A280FFE794
:105900000198D0F8800000682821C4F20201884282
:1059100000F09780FFE70198D0F8800000684021F0
:10592000C4F20201884200F08C80FFE70198D0F8B1
:10593000800000685821C4F20201884200F0818092
:10594000FFE70198D0F8800000687021C4F20201DE
:10595000884276D0FFE70198D0F88000006888215F
:10596000C4F2020188426CD0FFE70198D0F88000B1
:105970000068A021C4F20201884262D0FFE70198CA
:10598000D0F880000068B821C4F20201884258D0E3
:10599000FFE70198D0F88000006840F21041C4F29F
:1059A000020188424DD0FFE70198D0F880000068DE
:1059B00040F22841C4F20201884242D0FFE7019838
:1059C000D0F88000006840F24041C4F202018842F1
:1059D00037D0FFE70198D0F88000006840F25841C6
:1059E000C4F2020188422CD0FFE70198D0F8800071
:1059F000006840F27041C4F20201884221D0FFE702
:105A00000198D0F88000006840F28841C4F2020199
:105A1000884216D0FFE70198D0F88000006840F275
:105A2000A041C4F2020188420BD0FFE70198D0F8F0
:105A30008000006840F2B841C4F20201884207D1F8
:105A4000FFE70198D0F8800001682020486006E058
:105A50000198D0F88000016820204860FFE7BDF879
:105A6000020010280BD1FFE740F22400C2F20040F0
:105A700041F2E801C2F2004100F04AFEFFE791E185
:105A80000198D0F8800000681021C4F20201884219
:105A900000F0A280FFE70198D0F88000006828217C
:105AA000C4F20201884200F09780FFE70198D0F825
:105AB000800000684021C4F20201884200F08C801E
:105AC000FFE70198D0F8800000685821C4F2020175
:105AD000884200F08180FFE70198D0F880000068DC
:105AE0007021C4F20201884276D0FFE70198D0F815
:105AF000800000688821C4F2020188426CD0FFE770
:105B00000198D0F880000068A021C4F20201884208
:105B100062D0FFE70198D0F880000068B821C4F295
:105B20000201884258D0FFE70198D0F88000006851
:105B300040F21041C4F2020188424DD0FFE70198C3
:105B4000D0F88000006840F22841C4F20201884287
:105B500042D0FFE70198D0F88000006840F2404151
:105B6000C4F20201884237D0FFE70198D0F88000E4
:105B7000006840F25841C4F2020188422CD0FFE78D
:105B80000198D0F88000006840F27041C4F2020130
:105B9000884221D0FFE70198D0F88000006840F2E9
:105BA0008841C4F20201884216D0FFE70198D0F87C
:105BB0008000006840F2A041C4F2020188420BD08C
:105BC000FFE70198D0F88000006840F2B841C4F2C5
:105BD0000201884209D1FFE70198D0F880000168EE
:105BE000086820F00100086008E00198D0F8800003
:105BF0000168086820F001000860FFE70198D0F80C
:105C000080000168086820F4002008600198D0F83E
:105C1000800000681021C4F20201884200F0A280D6
:105C2000FFE70198D0F8800000682821C4F2020143
:105C3000884200F09780FFE70198D0F88000006864
:105C40004021C4F20201884200F08C80FFE70198F5
:105C5000D0F8800000685821C4F20201884200F0A8
:105C60008180FFE70198D0F8800000687021C4F2BD
:105C70000201884276D0FFE70198D0F880000068E2
:105C80008821C4F2020188426CD0FFE70198D0F865
:105C900080000068A021C4F20201884262D0FFE7C0
:105CA0000198D0F880000068B821C4F2020188424F
:105CB00058D0FFE70198D0F88000006840F210410A
:105CC000C4F2020188424DD0FFE70198D0F880006D
:105CD000006840F22841C4F20201884242D0FFE746
:105CE0000198D0F88000006840F24041C4F20201FF
:105CF000884237D0FFE70198D0F88000006840F272
:105D00005841C4F2020188422CD0FFE70198D0F834
:105D10008000006840F27041C4F20201884221D044
:105D2000FFE70198D0F88000006840F28841C4F293
:105D30000201884216D0FFE70198D0F88000006881
:105D400040F2A041C4F2020188420BD0FFE7019863
:105D5000D0F88000006840F2B841C4F202018842E5
:105D600007D1FFE70198D0F8800001682020486043
:105D700006E00198D0F88000016820204860FFE725
:105D8000BDF8020010280CD1FFE740F22400C2F257
:105D90000040103041F2E801C2F2004100F0B8FCCE
:105DA000FFE7FFE70198D0F8800000681021C4F2F7
:105DB0000201884200F0A280FFE70198D0F880003D
:105DC00000682821C4F20201884200F09780FFE7B2
:105DD0000198D0F8800000684021C4F20201884296
:105DE00000F08C80FFE70198D0F88000006858210F
:105DF000C4F20201884200F08180FFE70198D0F8E8
:105E0000800000687021C4F20201884276D0FFE76A
:105E10000198D0F8800000688821C4F2020188420D
:105E20006CD0FFE70198D0F880000068A021C4F290
:105E30000201884262D0FFE70198D0F88000006834
:105E4000B821C4F20201884258D0FFE70198D0F887
:105E50008000006840F21041C4F2020188424DD037
:105E6000FFE70198D0F88000006840F22841C4F2B2
:105E70000201884242D0FFE70198D0F88000006814
:105E800040F24041C4F20201884237D0FFE7019856
:105E9000D0F88000006840F25841C4F20201884204
:105EA0002CD0FFE70198D0F88000006840F27041E4
:105EB000C4F20201884221D0FFE70198D0F88000A7
:105EC000006840F28841C4F20201884216D0FFE720
:105ED0000198D0F88000006840F2A041C4F20201AD
:105EE00088420BD0FFE70198D0F88000006840F2AC
:105EF000B841C4F20201884209D1FFE70198D0F805
:105F000080000168086840F00100086008E001981E
:105F1000D0F880000168086840F001000860FFE7E1
:105F200002B080BD0000000080B582B00190ADF8E5
:105F300002100198D0F88000006800680003002873
:105F400000F19281FFE70198D0F8800000681021ED
:105F5000C4F20201884200F0A280FFE70198D0F865
:105F6000800000682821C4F20201884200F0978076
:105F7000FFE70198D0F8800000684021C4F20201D8
:105F8000884200F08C80FFE70198D0F8800000681C
:105F90005821C4F20201884200F08180FFE7019895
:105FA000D0F8800000687021C4F20201884276D0E7
:105FB000FFE70198D0F8800000688821C4F2020150
:105FC00088426CD0FFE70198D0F880000068A021DB
:105FD000C4F20201884262D0FFE70198D0F8800045
:105FE0000068B821C4F20201884258D0FFE7019846
:105FF000D0F88000006840F21041C4F202018842EB
:106000004DD0FFE70198D0F88000006840F22841A9
:10601000C4F20201884242D0FFE70198D0F8800024
:10602000006840F24041C4F20201884237D0FFE7E5
:106030000198D0F88000006840F25841C4F2020193
:1060400088422CD0FFE70198D0F88000006840F229
:106050007041C4F20201884221D0FFE70198D0F8D4
:106060008000006840F28841C4F20201884216D0E4
:10607000FFE70198D0F88000006840F2A041C4F228
:10608000020188420BD0FFE70198D0F88000006839
:1060900040F2B841C4F20201884209D1FFE70198F9
:1060A000D0F880000168086820F00100086008E06E
:1060B0000198D0F880000168086820F001000860AD
:1060C000FFE70198D0F880000168086840F40020DC
:1060D00008600198D0F8800000681021C4F2020125
:1060E000884200F0A280FFE70198D0F880000068A5
:1060F0002821C4F20201884200F09780FFE701984E
:10610000D0F8800000684021C4F20201884200F00B
:106110008C80FFE70198D0F8800000685821C4F215
:106120000201884200F08180FFE70198D0F88000EA
:1061300000687021C4F20201884276D0FFE701981E
:10614000D0F8800000688821C4F2020188426CD037
:10615000FFE70198D0F880000068A021C4F2020196
:10616000884262D0FFE70198D0F880000068B8212B
:10617000C4F20201884258D0FFE70198D0F88000AD
:10618000006840F21041C4F2020188424DD0FFE79E
:106190000198D0F88000006840F22841C4F2020162
:1061A000884242D0FFE70198D0F88000006840F2B2
:1061B0004041C4F20201884237D0FFE70198D0F88D
:1061C0008000006840F25841C4F2020188422CD09D
:1061D000FFE70198D0F88000006840F27041C4F2F7
:1061E0000201884221D0FFE70198D0F880000068C2
:1061F00040F28841C4F20201884216D0FFE70198BC
:10620000D0F88000006840F2A041C4F20201884248
:106210000BD0FFE70198D0F88000006840F2B84149
:10622000C4F20201884207D1FFE70198D0F880004C
:1062300001682420486006E00198D0F880000168D9
:1062400024204860FFE7BDF8020012280BD1FFE7C9
:1062500040F20000C2F2004040F6CC21C2F2004100
:10626000F8F71EFCFFE791E10198D0F88000006884
:106270001021C4F20201884200F0A280FFE70198D9
:10628000D0F8800000682821C4F20201884200F0A2
:106290009780FFE70198D0F8800000684021C4F2A1
:1062A0000201884200F08C80FFE70198D0F880005E
:1062B00000685821C4F20201884200F08180FFE7A3
:1062C0000198D0F8800000687021C4F20201884271
:1062D00076D0FFE70198D0F8800000688821C4F2EA
:1062E000020188426CD0FFE70198D0F88000006876
:1062F000A021C4F20201884262D0FFE70198D0F8E1
:1063000080000068B821C4F20201884258D0FFE73B
:106310000198D0F88000006840F21041C4F20201F8
:1063200088424DD0FFE70198D0F88000006840F225
:106330002841C4F20201884242D0FFE70198D0F818
:106340008000006840F24041C4F20201884237D028
:10635000FFE70198D0F88000006840F25841C4F28D
:10636000020188422CD0FFE70198D0F88000006835
:1063700040F27041C4F20201884221D0FFE7019847
:10638000D0F88000006840F28841C4F202018842DF
:1063900016D0FFE70198D0F88000006840F2A041D5
:1063A000C4F2020188420BD0FFE70198D0F88000C8
:1063B000006840F2B841C4F20201884209D1FFE707
:1063C0000198D0F880000168086820F0010008609A
:1063D00008E00198D0F880000168086820F001000A
:1063E0000860FFE70198D0F880000168086820F491
:1063F000002008600198D0F8800000681021C4F2E5
:106400000201884200F0A280FFE70198D0F88000E6
:1064100000682821C4F20201884200F09780FFE75B
:106420000198D0F8800000684021C4F2020188423F
:1064300000F08C80FFE70198D0F8800000685821B8
:10644000C4F20201884200F08180FFE70198D0F891
:10645000800000687021C4F20201884276D0FFE714
:106460000198D0F8800000688821C4F202018842B7
:106470006CD0FFE70198D0F880000068A021C4F23A
:106480000201884262D0FFE70198D0F880000068DE
:10649000B821C4F20201884258D0FFE70198D0F831
:1064A0008000006840F21041C4F2020188424DD0E1
:1064B000FFE70198D0F88000006840F22841C4F25C
:1064C0000201884242D0FFE70198D0F880000068BE
:1064D00040F24041C4F20201884237D0FFE7019800
:1064E000D0F88000006840F25841C4F202018842AE
:1064F0002CD0FFE70198D0F88000006840F270418E
:10650000C4F20201884221D0FFE70198D0F8800050
:10651000006840F28841C4F20201884216D0FFE7C9
:106520000198D0F88000006840F2A041C4F2020156
:1065300088420BD0FFE70198D0F88000006840F255
:10654000B841C4F20201884207D1FFE70198D0F8B0
:10655000800001682420486006E00198D0F880009F
:10656000016824204860FFE7BDF8020012280CD122
:10657000FFE740F20000C2F20040123040F6CC21AA
:10658000C2F20041F8F78CFAFFE7FFE70198D0F874
:10659000800000681021C4F20201884200F0A2804D
:1065A000FFE70198D0F8800000682821C4F20201BA
:1065B000884200F09780FFE70198D0F880000068DB
:1065C0004021C4F20201884200F08C80FFE701986C
:1065D000D0F8800000685821C4F20201884200F01F
:1065E0008180FFE70198D0F8800000687021C4F234
:1065F0000201884276D0FFE70198D0F88000006859
:106600008821C4F2020188426CD0FFE70198D0F8DB
:1066100080000068A021C4F20201884262D0FFE736
:106620000198D0F880000068B821C4F202018842C5
:1066300058D0FFE70198D0F88000006840F2104180
:10664000C4F2020188424DD0FFE70198D0F88000E3
:10665000006840F22841C4F20201884242D0FFE7BC
:106660000198D0F88000006840F24041C4F2020175
:10667000884237D0FFE70198D0F88000006840F2E8
:106680005841C4F2020188422CD0FFE70198D0F8AB
:106690008000006840F27041C4F20201884221D0BB
:1066A000FFE70198D0F88000006840F28841C4F20A
:1066B0000201884216D0FFE70198D0F880000068F8
:1066C00040F2A041C4F2020188420BD0FFE70198DA
:1066D000D0F88000006840F2B841C4F2020188425C
:1066E00009D1FFE70198D0F880000168086840F000
:1066F0000100086008E00198D0F88000016808688F
:1067000040F001000860FFE702B080BD000000001B
:1067100080B582B00190009101980178019840788D
:1067200040EA012000990880009800884FF6EE5159
:1067300088424AD1FFE701988078009988700198D3
:10674000C0780199097940EA01200099A1F8030075
:10675000019840790199897940EA01200099A1F8CE
:1067600005000198C0790199097A40EA0120019950
:10677000497A40EA01400199897A40EA016000992A
:10678000C1F807000198C07A0099C8720198007B8F
:106790000199497B40EA0120009988810198807B1A
:1067A0000199C97B40EA01200099C8810198102114
:1067B00000F01AF838B1FFE70099887800F00F0070
:1067C00000F006F800E001E000E0FFE702B080BD65
:1067D00082B08DF80700009102B070470000000001
:1067E000FFE7FEE70000000080B586B0049003914B
:1067F0000020ADF80A00049820B1FFE703980228B2
:1068000004D8FFE700208DF8170028E004980399CA
:10681000023900220092EBF723FE01460098ADF802
:106820000A109DF80A10049B039A1A4412F8022CCD
:10683000914201900DD1FFE79DF80B00049A039956
:10684000114411F8011C401AB0FA80F0400901907F
:10685000FFE7019800F001008DF81700FFE79DF8B1
:10686000170006B080BD000081B0ADF80200BDF990
:10687000020000280ED4FFE7BDF9021001F01F024C
:10688000012090404A094EF20011CEF2000141F879
:106890002200FFE701B070474EF60C50CEF2000028
:1068A0000068C0F30220704782B0ADF80600009186
:1068B000BDF9060000280AD4FFE700980001BDF9E1
:1068C00006104EF20042CEF2000288540BE000980F
:1068D0000001BDF8061001F00F014EF61452CEF281
:1068E00000028854FFE702B070470000000000007B
:1068F00083B00290029800F0070000904EF60C5111
:10690000CEF200010868019001984FF6FF02104096
:1069100001900198009A40EA02200022C0F2FA5247
:10692000104301900198086003B070470000000018
:1069300080B58AB0E9F798FD80200590E9F758FE08
:1069400055200690E9F754FE0698E9F751FE43F208
:106950005C21C2F2004108910870E9F779FD01203D
:106960000790EEF70DFFE9F77FFD0598E9F740FE88
:106970000698E9F73DFE0698E9F73AFE089908708F
:10698000E9F766FD0798EEF7FBFEE9F76DFD7E205F
:10699000B621E9F745FEE9F75BFD5020EEF7F0FE82
:1069A000E9F762FD0598E9F723FE0698E9F720FE6E
:1069B0000698E9F71DFE08990870E9F749FD079860
:1069C000EEF7DEFEE9F750FD0598E9F711FE0698AF
:1069D000E9F70EFE0698E9F70BFE08990870E9F74B
:1069E00037FD0798EEF7CCFE089800781E2804D0F3
:1069F000FFE7FF208DF8270074E04AF67C21C2F201
:106A0000004100200870FFE74AF67C20C2F20040F7
:106A10000078052862DCFFE7E9F726FD4AF67C20CE
:106A2000C2F200400390007800EB400240F60C30C8
:106A3000C2F2004004908118805C4978E9F7F0FDCB
:106A4000E9F706FD01200190EEF79AFEE9F70CFD4B
:106A500003990498097801EB4101405C40F0800003
:106A6000E9F7C6FD55200090E9F7C2FD0098E9F767
:106A7000BFFD43F25C21C2F2004102910870E9F7C8
:106A8000E7FC0198EEF77CFE0298039A04990078DF
:106A9000127802EB420211444978884215D0FFE790
:106AA0004AF67C20C2F20040007800EB400140F63C
:106AB0000C30C2F200400844827842F20011C2F267
:106AC0000041087810430870FFE7FFE74AF67C2191
:106AD000C2F2004108780130087095E700208DF877
:106AE0002700FFE79DF827000AB080BD00000000E6
:106AF00080B588B0E9F7D0FC43F25C21C2F20041D6
:106B0000069100200490E9F75FFDE9F7B9FC012048
:106B10000590EEF735FEE9F7BFFC04980699E9F712
:106B200053FDE9F7ADFC0598EEF72AFEE9F7B4FC52
:106B30001420B621E9F774FDE9F7A2FC5020EEF726
:106B40001FFEE9F7A9FC04980699E9F73DFDE9F76E
:106B500097FC0598EEF714FEE9F79EFC0498069959
:106B6000E9F732FDE9F78CFC0598EEF709FE069887
:106B700000780F2804D0FFE7FF208DF81F006DE09C
:106B80004AF67C21C2F2004100200870FFE74AF675
:106B90007C20C2F20040007805285BDCFFE7E9F7C3
:106BA0007BFC4AF67C20C2F200400290007800EBA9
:106BB000400240F61E30C2F2004003908118805C13
:106BC0004978E9F72DFDE9F75BFC01200090EEF72D
:106BD000D7FDE9F761FC02990398097801EB4101BF
:106BE000405C43F25C21C2F200410191E9F7ECFC08
:106BF000E9F746FC0098EEF7C3FD0198029A039965
:106C00000078127802EB420211444978884218D089
:106C1000FFE74AF67C20C2F200400178013901709A
:106C2000007800EB400140F60C30C2F2004008440E
:106C3000827842F20011C2F20041087810430870D5
:106C4000FFE7FFE74AF67C21C2F2004108780130F5
:106C500008709CE700208DF81F00FFE79DF81F00DB
:106C600008B080BD0000000080B582B040F69800FA
:106C7000C2F20040EAF794F9FFE740F69800C2F24A
:106C800000400190EAF7B4F90198EAF7CDF90198CC
:106C900090ED350AD0ED360A90ED371AF7F77CFA09
:106CA000012000F069F8E8E780B584B00020039087
:106CB000F0F772F9F8F7F8FBF6F796FDF6F720FC17
:106CC000F6F772FEF6F774FCF6F7AEFCF6F7A4FEE4
:106CD000F6F7EAFCF6F7F4FEF6F78AFFF6F740FF60
:106CE000F6F7D2FF4FF4F070EBF74AF8E9F7A8FC9B
:106CF000F7F746FB41F28830EEF742FDFFE742F638
:106D0000E460C2F200400021E9F7D2FB08B1FFE7DE
:106D1000F5E740F60000C5F6020001904FF400517F
:106D200001220292F0F708F90198029A4FF480418B
:106D3000F0F702F9EBF74CF9EBF796F9EBF7E0F91E
:106D4000F6F7F2FC00F02CF8FFE7FEE70000000089
:106D500082B0ADF8060000200090BDF9060084283E
:106D600007D0FFE7BDF90600009908440330009002
:106D7000FFE7009802B0704780B584B00390039895
:106D80000290029818B1FFE70298019002E00120FA
:106D90000190FFE7019800F03BFE002004B080BDA9
:106DA00080B500F06DFE002080BD000000000000F6
:106DB00010B58AB00890079108980168029141685F
:106DC0000591018A039107990491B0F90800FFF732
:106DD000BFFF0299039A049B84460598EE4606ACD1
:106DE000CEF80440CEF800C000F0AEFF012803D07A
:106DF000FFE70020099002E006980990FFE7099854
:106E00000AB010BD0000000080B584B0039002916C
:106E10004AF61430C2F200400068009043F2C010FD
:106E2000C2F200400068043000F06AFC88B9FFE755
:106E300043F2C010C2F200400068C16A012000FAAB
:106E400001F24AF67821C2F20041086890430860D6
:106E500000E0FFE70398013080B9FFE7029868B1CE
:106E6000FFE743F2C010C2F200400068011D4AF67D
:106E7000EC20C2F2004000F0BFFC3DE00098039916
:106E800008440190019843F2C011C2F20041096820
:106E900048600198009988420ED2FFE743F2CC1077
:106EA000C2F20040006843F2C011C2F2004109681A
:106EB000043100F069FC1EE043F2C410C2F200404D
:106EC000006843F2C011C2F200410968043100F0C9
:106ED0005BFC01984AF6B821C2F200410968884279
:106EE00007D2FFE701984AF6B821C2F200410860D4
:106EF00000E0FFE7FFE7FFE704B080BD000000000F
:106F000080B582B0019000F0A3FC4AF66821C2F27D
:106F1000004108680130086043F2C010C2F200402E
:106F2000006898B9FFE7019843F2C011C2F200412E
:106F300008604AF66820C2F200400068012803D1C8
:106F4000FFE700F0A9F900E0FFE71CE04AF6E020C7
:106F5000C2F200400068A0B9FFE743F2C010C2F2DD
:106F600000400068C06A0199C96A884207D8FFE7F3
:106F7000019843F2C011C2F20041086000E0FFE74F
:106F800000E0FFE7FFE74AF67421C2F2004108681B
:106F9000013008600198C16A012000FA01F24AF646
:106FA0007821C2F200410868104308600199C86A5C
:106FB00000EB800243F2D010C2F2004000EB8200EE
:106FC000043100F019FC00F06FFC4AF6E020C2F238
:106FD00000400068C8B1FFE743F2C010C2F20040B1
:106FE0000068C06A0199C96A88420CD2FFE74EF670
:106FF0000451CEF200014FF080500860BFF34F8F74
:10700000BFF36F8F00E0FFE700E0FFE702B080BD55
:1070100080B582B0FFE74AF66C20C2F200400068FB
:1070200008B3FFE700F014FC4AF60030C2F200405B
:10703000C068C06801900198043000F061FB4AF616
:107040006821C2F200410868013808604AF66C21E4
:10705000C2F2004108680138086000F025FC019880
:1070600000F006F8D7E702B080BD00000000000085
:1070700080B582B001900198006B00F03DFC019852
:1070800000F03AFC02B080BD84B04FF4F0400090B4
:1070900043F25D20C2F2004001909DF804004007D9
:1070A00088B1FFE7019807300190019820F00700B0
:1070B0000190019A43F25D21C2F200410098891AC1
:1070C00008440090FFE70198029002994AF6E420F4
:1070D000C2F200400160002141600298009A104411
:1070E0000190019808380190019820F00700019064
:1070F000019A43F2C810C2F2004002600268516077
:1071000002681160029903910199039A891A5160EA
:10711000006803990860039840684AF6B421C2F2F7
:1071200000410860039840684AF6AC21C2F2004171
:1071300008604AF68021C2F200414FF0004008602A
:1071400004B070470000000080B582B00190FFE7F6
:10715000FFF75EFF43F2D010C2F200400068022841
:107160000CD3FFE74EF60451CEF200014FF08050F1
:107170000860BFF34F8FBFF36F8F00E0FFE7E7E7D3
:1071800080B588B0DDF834C0DDF830C0DDF82CC043
:10719000DDF828C006900591049203930C98006BCB
:1071A000049900EB810004380290029820F0070057
:1071B00002909DF80800400758B1FFE74FF05000DB
:1071C00080F31188BFF36F8FBFF34F8F0790FFE7F6
:1071D000FEE70598F8B1FFE700200190FFE701986E
:1071E0000F2813D8FFE70598019A805C0C99114489
:1071F00081F8340005980199405C08B9FFE705E083
:10720000FFE7FFE7019801300190E8E70C990020C3
:1072100081F8430004E00C99002081F83400FFE776
:107220000A98072803D3FFE706200A9000E0FFE74B
:107230000A980C99C8620A980C9948640C99002025
:10724000009088640C98043000F096FA0C9818307E
:1072500000F092FA00980C9909610A99C1F10701AE
:107260000C9A91610C9949620C99C8640C9981F847
:10727000500002980699039A00F012FA0C990860DF
:107280000B9820B1FFE70C980B99086000E0FFE72E
:1072900008B080BD0000000080B584B000200390DD
:1072A000FFE70398062810D8FFE7039800EB80015A
:1072B00043F2D010C2F2004000EB810000F044FA2B
:1072C000FFE7039801300390EBE74AF68420C2F20F
:1072D0000040019000F038FA4AF69820C2F20040CF
:1072E000029000F031FA4AF6CC20C2F2004000F0E1
:1072F0002BFA4AF60030C2F2004000F025FA4AF6B6
:10730000EC20C2F2004000F01FFA0199029843F20B
:10731000C412C2F20042116043F2CC11C2F2004129
:10732000086004B080BD000083B002904AF6E420FB
:10733000C2F200400190FFE701980068029988427C
:1073400005D2FFE7FFE7019800680190F4E7019894
:10735000009000980199496808440299884209D12F
:10736000FFE7029842680199486810444860019814
:10737000029000E0FFE702980090009802994968A7
:10738000084401990968884220D1FFE70198006804
:1073900043F2C811C2F20041096888420DD0FFE7EC
:1073A0000198006842680299486810444860019852
:1073B000006800680299086007E043F2C810C2F252
:1073C0000040006802990860FFE704E00198006847
:1073D00002990860FFE701980299884204D0FFE70C
:1073E00002980199086000E0FFE703B070470000D1
:1073F00008480068006880F308884FF0000080F3B8
:10740000148862B661B6BFF34F8FBFF36F8F00DF92
:1074100000BF00BF08ED00E081B043F2C410C2F22B
:1074200000400068006840B9FFE74AF6B821C2F2A0
:1074300000414FF0FF3008600FE043F2C410C2F289
:1074400000400068C068C0680090009840684AF634
:10745000B821C2F200410860FFE701B070470000A8
:1074600083B00020009040F60830C2F2004000686F
:10747000013058B1FFE74FF0500080F31188BFF39F
:107480006F8FBFF34F8F0190FFE7FEE74FF0500083
:1074900080F31188BFF36F8FBFF34F8F0290FFE728
:1074A000009808B9FFE7FBE703B070470000000051
:1074B00080B58AB006900020029000F031FB43F2C4
:1074C000C810C2F20040006818B9FFE7FFF7DCFD02
:1074D00000E0FFE706984AF68021C2F20041096801
:1074E000084240F0C580FFE7069800B3FFE7069822
:1074F000083006909DF818004007B0B1FFE70698E5
:1075000020F00700083006909DF81800400758B199
:10751000FFE74FF0500080F31188BFF36F8FBFF388
:107520004F8F0790FFE7FEE700E0FFE700E0FFE78F
:107530000698002800F09A80FFE706984AF6AC21EA
:10754000C2F200410968884200F29080FFE74AF6E3
:10755000E420C2F20040049000680590FFE705981F
:107560004168069A00209142019007D2FFE70598F2
:107570000068002818BF01200190FFE70198C007AC
:1075800030B1FFE705980490059800680590E6E79C
:10759000059843F2C811C2F200410968884263D0DD
:1075A000FFE7049800680830029005980068049985
:1075B0000860059840680699401A112821D3FFE712
:1075C00005980699084403909DF80C00400758B1AF
:1075D000FFE74FF0500080F31188BFF36F8FBFF3C8
:1075E0004F8F0890FFE7FEE7059840680699401A1C
:1075F000039948600698059948600398FFF794FE40
:1076000000E0FFE7059842684AF6AC20C2F200406D
:107610000168891A016000684AF6B421C2F200418B
:10762000096888420BD2FFE74AF6AC20C2F200405C
:1076300000684AF6B421C2F20041086000E0FFE7AA
:107640004AF68020C2F2004002680599486810435B
:1076500048600599002008604AF6C021C2F2004146
:1076600008680130086000E0FFE700E0FFE700E0A5
:10767000FFE700F091FC9DF80800400758B1FFE7D4
:107680004FF0500080F31188BFF36F8FBFF34F8F1F
:107690000990FFE7FEE702980AB080BD00000000F5
:1076A00083B00290019100920298043802900299EE
:1076B0004FF080700860029804380290019820F022
:1076C000010002990860029804380290029947F27A
:1076D0006140C0F6010008600298143802900098DA
:1076E0000299086002980438029002996FF0020033
:1076F0000860029820380290029803B0704700009A
:1077000082B00190019800690090019841688068FA
:1077100088600199486889684860009840680199C4
:10772000884205D1FFE7019880680099486000E031
:10773000FFE7019900200861009908680138086096
:107740000098006802B0704781B00090009901F184
:107750000800486000994FF0FF308860009901F1FF
:107760000800C860009901F1080008610099002034
:10777000086001B07047000081B0009000990020BF
:10778000086101B07047000084B003900291029834
:10779000006800900098013020B9FFE70398006965
:1077A000019010E0039808300190FFE701984068CD
:1077B00000680099884205D8FFE7FFE70198406814
:1077C0000190F3E7FFE7019840680299486002984A
:1077D0004168886001980299886002980199486020
:1077E000039802990861039908680130086004B0A1
:1077F000704700000000000083B0029001910298E1
:10780000406800900098019948600098806801994C
:10781000886001980099896848600198009988609B
:10782000029801990861029908680130086003B064
:107830007047000000000000DFF80C00016841F410
:1078400070010160704700BF88ED00E0000000009B
:1078500082B04FF0500080F31188BFF36F8FBFF3F9
:107860004F8F009040F60830C2F2004001680131AD
:1078700001600068012814D1FFE74EF60450CEF2F3
:1078800000000068000658B1FFE74FF0500080F399
:107890001188BFF36F8FBFF34F8F0190FFE7FEE7B3
:1078A000FFE702B07047000082B040F60830C2F235
:1078B0000040006858B9FFE74FF0500080F311888E
:1078C000BFF36F8FBFF34F8F0090FFE7FEE740F6E7
:1078D0000830C2F20040016801390160006830B927
:1078E000FFE700200190019880F31188FFE702B0C4
:1078F000704700000000000080B586B00390039838
:107900000290039800285CD0FFE7029808380290A4
:1079100002980190019840684AF68021C2F2004125
:10792000096808420BD1FFE74FF0500080F311883F
:10793000BFF36F8FBFF34F8F0490FFE7FEE701980F
:10794000006858B1FFE74FF0500080F31188BFF393
:107950006F8FBFF34F8F0590FFE7FEE701984068F8
:107960004AF68021C2F200410968084227D0FFE7A9
:107970000198006808BBFFE74AF68020C2F2004089
:107980000268019948689043486000F0C9F801987E
:1079900042684AF6AC21C2F200410868104408600F
:1079A0000198FFF7C1FC4AF6C421C2F20041086801
:1079B0000130086000F0F0FA00E0FFE700E0FFE7C8
:1079C000FFE706B080BD00004EF21001CEF20001CC
:1079D000002008604EF21802CEF20002106040F65D
:1079E000F410C2F20040006844F6D352C1F26202C1
:1079F000A0FB02024FF0FF3000EB92104EF2140297
:107A0000CEF20002106007200860704700000000FE
:107A100080B584B00290002001900298E0B1FFE7A9
:107A20004AF67020C2F20040006858B1FFE74FF0FC
:107A3000500080F31188BFF36F8FBFF34F8F039017
:107A4000FFE7FEE700F06CF802980021FFF7DCF991
:107A500000F0A2FA019000E0FFE7019860B9FFE7AB
:107A60004EF60451CEF200014FF080500860BFF393
:107A70004F8FBFF36F8F00E0FFE704B080BD0000C1
:107A800080B586B04AF6B021C2F200416846416036
:107A90000023036047F24910C0F6010048F26E214E
:107AA000C0F60101802200F04FF9039003980128ED
:107AB00023D1FFE74FF0500080F31188BFF36F8FA1
:107AC000BFF34F8F04904AF6B821C2F200414FF045
:107AD000FF3008604AF6E021C2F200410120086050
:107AE0004AF61431C2F200410020086000F080F82C
:107AF00008B1FFE700E0FFE70FE00398013058B955
:107B0000FFE74FF0500080F31188BFF36F8FBFF392
:107B10004F8F0590FFE7FEE7FFE706B080BD00004E
:107B20004AF67021C2F200410868013008607047CF
:107B300085B04AF67020C2F20040006838B1FFE715
:107B40004AF61831C2F20041012008604DE04AF6C1
:107B50001831C2F20041002008604AF67820C2F2D3
:107B60000040006803900398B0FA80F08DF80B0095
:107B70009DF80B00C0F11F000190019800EB8001FF
:107B800043F2D010C2F2004050F8210058B9FFE78C
:107B90004FF0500080F31188BFF36F8FBFF34F8F0A
:107BA0000490FFE7FEE7019800EB800143F2D0105C
:107BB000C2F2004000EB81000090009948684068E4
:107BC0004860009948680831884205D1FFE700996C
:107BD000486840684860FFE700984068C06843F222
:107BE000C011C2F200410860FFE705B07047000015
:107BF00080B588B04EF60050CEF2000000684CF21E
:107C00007121C4F20F1188420BD1FFE74FF05000F1
:107C100080F31188BFF36F8FBFF34F8F0590FFE79D
:107C2000FEE74EF60050CEF2000000684CF27021E4
:107C3000C4F20F1188420BD1FFE74FF0500080F3E0
:107C40001188BFF36F8FBFF34F8F0690FFE7FEE7FA
:107C50004EF20040CEF20000039001780491FF2123
:107C6000017000788DF80B009DF80B0000F05000BB
:107C70004AF65D21C2F2004108704AF66021C2F264
:107C8000004107200860FFE79DF80B000006002870
:107C90000DD5FFE74AF66021C2F2004108680138BD
:107CA00008609DF80B0040008DF80B00ECE74AF6E9
:107CB0006020C2F20040006803280BD0FFE74FF0BD
:107CC000500080F31188BFF36F8FBFF34F8F079081
:107CD000FFE7FEE74AF66021C2F2004108680002B1
:107CE0000860086800F4E060086004984EF2004103
:107CF000CEF2000108704EF62051CEF20001086865
:107D000040F470000860086840F070400860FFF7B9
:107D10005BFE40F60831C2F200410020019008608D
:107D2000FFF78AFD4EF63471CEF20001086840F08C
:107D300040400860FFF75CFBFFF7FAFEFFF790FB9F
:107D4000019808B080BD000070B58CB0DDF844C06B
:107D5000DDF840C00B900A91ADF826200893BDF8DD
:107D600026008000FFF7A4FB0590059880B1FFE78F
:107D70005420FFF79DFB0790079820B1FFE7059877
:107D80000799086303E00598FFF7B6FDFFE702E0F7
:107D900000200790FFE70798D8B1FFE70B980A99F2
:107DA000BDF82620089BDDF840C0119C079DEE46DB
:107DB0000026CEF80C60CEF80850CEF80440CEF87D
:107DC00000C0FFF7DDF90798FFF79AF80120069049
:107DD00003E04FF0FF300690FFE706980CB070BD4F
:107DE00080B586B0002002904AF67020C2F20040B2
:107DF0000068002840F0C580FFE74AF61431C2F25F
:107E0000004108680130019001980860019858BB52
:107E1000FFE743F2C410C2F200400068006858B1A6
:107E2000FFE74FF0500080F31188BFF36F8FBFF36F
:107E30004F8F0590FFE7FEE743F2C412C2F2004203
:107E40001068009043F2CC11C2F200410868106043
:107E5000009808604AF6BC21C2F20041086801306F
:107E60000860FFF7D9FA00E0FFE701984AF6B82169
:107E7000C2F200410968884262D3FFE7FFE743F29C
:107E8000C410C2F200400068006840B9FFE74AF63B
:107E9000B821C2F200414FF0FF3008604FE043F2DA
:107EA000C410C2F200400068C068C0680490049822
:107EB0004068039001980399884207D2FFE703982E
:107EC0004AF6B821C2F20041086038E0FFE70498A2
:107ED0000430FFF715FC0498806A28B1FFE7049886
:107EE0001830FFF70DFC00E0FFE70498C16A01209D
:107EF00000FA01F24AF67821C2F200410868104304
:107F000008600499C86A00EB800243F2D010C2F204
:107F1000004000EB82000431FFF76EFC0498C06A59
:107F200043F2C011C2F200410968C96A884203D312
:107F3000FFE70120029000E0FFE7FFE79FE7FFE790
:107F400043F2C010C2F200400068C06A00EB80013A
:107F500043F2D010C2F2004050F82100022803D3AF
:107F6000FFE70120029000E0FFE74AF61830C2F276
:107F70000040006818B1FFE70120029000E0FFE731
:107F800007E04AF6C821C2F20041086801300860E3
:107F9000FFE7029806B080BD80B584B00020029053
:107FA00001904AF67020C2F20040006858B9FFE71D
:107FB0004FF0500080F31188BFF36F8FBFF34F8FE6
:107FC0000390FFE7FEE7FFF743FC4AF67020C2F29A
:107FD00000400168013901600068002840F092808B
:107FE000FFE74AF66820C2F200400068002800F06F
:107FF0008880FFE7FFE74AF6CC20C2F20040006825
:10800000E0B3FFE74AF6CC20C2F20040C068C06887
:10801000029002981830FFF773FB02980430FFF7C4
:108020006FFB0298C16A012000FA01F24AF678213A
:10803000C2F200410868104308600299C86A00EB68
:10804000800243F2D010C2F2004000EB8200043103
:10805000FFF7D2FB0298C06A43F2C011C2F200419E
:108060000968C96A884207D3FFE74AF61831C2F2A5
:1080700000410120086000E0FFE7BCE7029818B16A
:10808000FFE7FFF7C9F9FFE74AF6C820C2F2004050
:10809000006800900098E0B1FFE7FFE7FFF7A0FE5F
:1080A00038B1FFE74AF61831C2F2004101200860FA
:1080B00000E0FFE7009801380090FFE700980028F3
:1080C000ECD1FFE74AF6C821C2F200410020086067
:1080D00000E0FFE74AF61830C2F20040006870B1D5
:1080E000FFE7012001904EF60451CEF200014FF05F
:1080F00080500860BFF34F8FBFF36F8F00E0FFE742
:10810000FFE700E0FFE7FFF7CFFB019804B080BD79
:1081100010B52DED028BB1EEC08A18EE100A20F0DA
:108120000040C0F1FF40C00F0AD010EE100A20F04E
:108130000040C0F1FF40C00F04BF012000F014F860
:10814000B0EE480ABDEC028B10BD02E008C8121F59
:1081500008C1002AFAD170477047002001E001C130
:10816000121F002AFBD170470149086070470000C8
:10817000840800240000000000000000000000004F
:1081800000000000000000000100000002000000EC
:1081900003000000040000000000000005000000D3
:1081A00000000000000000000000000006000000C9
:1081B00000000000000000000000000007000000B8
:1081C00055820108D10700080100000000000000EE
:1081D000000200004C82010801E6000802000000D5
:1081E00000000000000200006282010821EE000889
:1081F00000000000000000008000000000000000FF
:108200000102030401020304060708090001020336
:1082100004050607080C101418203040000610163C
:1082200000061016080402040801010101010103FF
:1082300007010000010002000400060008000A0017
:108240000C00100020004000800000015053325FFD
:108250005441534B00434841535349535F54415396
:108260004B0064656661756C745461736B004944BE
:108270004C450043444320496E74657266616365F2
:108280000043444320436F6E6669670053544D6951
:1082900063726F656C656374726F6E6963730053AC
:1082A000544D3332205669727475616C20436F6D82
:1082B000506F727400000000891112239B32244613
:1082C000AD573665BF74488CC19D5AAFD3BE6CCADA
:1082D000E5DB7EE9F7F88110080193331A22A556F1
:1082E0002C47B7753E64C99C408DDBBF52AEEDDABA
:1082F00064CBFFF976E802218B30100299132667D0
:10830000AF763444BD554AADC3BC588ED19F6EEB99
:10831000E7FA7CC8F5D983310A2091121803A777B0
:108320002E66B5543C45CBBD42ACD99E508FEFFB79
:1083300066EAFDD874C904428D5316619F7020040B
:10834000A9153227BB364CCEC5DF5EEDD7FC688859
:10835000E1997AABF3BA85520C4397711E60A11470
:108360002805B3373A26CDDE44CFDFFD56ECE99839
:108370006089FBBB72AA06638F7214409D5122254F
:10838000AB343006B9174EEFC7FE5CCCD5DD6AA919
:10839000E3B8788AF19B87730E6295501C41A33530
:1083A0002A24B1163807CFFF46EEDDDC54CDEBB9F9
:1083B00062A8F99A708B088481951AA793B62CC28B
:1083C000A5D33EE1B7F04008C919522BDB3A644E01
:1083D000ED5F766DFF7C899400859BB712A6ADD2C8
:1083E00024C3BFF136E0C1184809D33B5A2AE55EE1
:1083F0006C4FF77D7E6C0AA583B4188691972EE3A7
:10840000A7F23CC0B5D14229CB38500AD91B666FC0
:10841000EF7E744CFD5D8BB502A499961087AFF387
:1084200026E2BDD034C1C3394A28D11A580BE77FA0
:108430006E6EF55C7C4D0CC685D71EE597F42880E2
:10844000A1913AA3B3B2444ACD5B5669DF78600C80
:10845000E91D722FFB3E8DD604C79FF516E4A99047
:108460002081BBB332A2C55A4C4BD7795E68E11C60
:10847000680DF33F7A2E0EE787F61CC495D52AA126
:10848000A3B03882B193466BCF7A5448DD59622D40
:10849000EB3C700EF91F8FF706E69DD414C5ABB107
:1084A00022A0B9923083C77B4E6AD5585C49E33D20
:1084B0006A2CF11E780F0000D88401080000002407
:1084C000300B00001004000818860108300B00244F
:1084D000F0A700005A81010801FF01FF01FF01FF21
:1084E00001FF01FF01FF01FF01992C3333EB3A58E3
:1084F000A08B3A82810155204E204E0268010290E5
:1085000002601DE125010851260108712601089924
:10851000260108E9260108912501080126010846DF
:108520001002580020561002580002640258040439
:108530001002580103140142501490D0030090D04F
:10854000036918010899150108C91B0108DD89167E
:1085500001083114010829150108301C8917010888
:1085600019170108F917010801170108090243004A
:10857000020100C03209042E01020201000524009C
:1085800010010524012901042402020524064F01DB
:108590000705820308001009040100020A360705D6
:1085A000010240460705810240450A060002434099
:1085B000012D1201000202020040830440573602DE
:1085C000010203012F0907000801070008A10600A6
:1085D0000841070C310859070008040309041A036D
:1085E00062010218FA4201421029AAAAAAAA7D042D
:1085F000017C2F0240AB03410105530806580407D4
:108600000F2C0810810911000A15800B16150C1883
:08861000010D00000000000054
:04000005080002CD20
:00000001FF
